source_group,relative_path,size_bytes,sha256
analysis_intermediate,data/processed/cosmoshub/atom_transfers_2025-10-09_2025-10-12.jsonl.gz,22702659,64ebe47a1c93d0d0b5a1dd35a1423185da4c4ef1c50849e09bfe1c8726a3a8b7
analysis_intermediate,data/processed/cosmoshub/baseline_30d/baseline_5min_2025-09-10_2025-10-10.jsonl.gz,521880,e71a7bfa8d89cfb31aacb2d31dbef537020e61b0ae1185c91a12e15e84003598
analysis_intermediate,data/processed/cosmoshub/baseline_30d/baseline_indexed_manifest.json,256824,24c5add85894e579977e56397b3f496ef2bc46cc68e7053649fa810f80eaaa68
analysis_intermediate,data/processed/cosmoshub/baseline_30d/baseline_indexed_manifest_before_success_v2.json,241926,7d9e475becf957a9f22b53de6284ef2be33774b3fb05fbfd0be8017479a33e34
analysis_intermediate,data/processed/cosmoshub/baseline_30d/block_times_2025-09-10_2025-10-10.jsonl.gz,23859443,008e785fe2b79085e746582498eb1789112a82c70d2db627c44b10838e0d8405
analysis_intermediate,data/processed/cosmoshub/baseline_30d/block_times_manifest.json,415,ba1af9a523369c469883ea5af9eff115740a0328341253696b1714fecebda255
analysis_intermediate,data/processed/cosmoshub/baseline_30d/ibc_raw_transaction_index.jsonl.gz,3416579,53792efa4f43e54842a5592235de75990e70826b144b24d526f1bef6faf0e3f3
analysis_intermediate,data/processed/cosmoshub/baseline_30d/ibc_receive_evidence.jsonl.gz,6627150,2ef8c85713e217b1a0f751855c535b5400f524d4b2c70b7b1c82dc8bed9e554b
analysis_intermediate,data/processed/cosmoshub/baseline_30d/ibc_receive_policy_audit.json,99536,afc12911efad20c472e64289129bd99fddf19159f7e7bfda5de05b8c578a0b0f
analysis_intermediate,data/processed/cosmoshub/baseline_30d/query_checkpoints/0000.jsonl.gz,2479,2e9f84f28b900ec58f95ffff43844e669a1519ba730896b99ef3c9bee7a0993d
analysis_intermediate,data/processed/cosmoshub/baseline_30d/query_checkpoints/0003.jsonl.gz,487,27f2fd85b847ea6cd7c4901f0bcd0c33a0d644f5aecdc8a3aa44091c38823753
analysis_intermediate,data/processed/cosmoshub/baseline_30d/query_checkpoints/0004.jsonl.gz,448,11c8f752b54d2e1f97b443233262c28f14a5e9f519c9d2d465c0b53a13a78ff8
analysis_intermediate,data/processed/cosmoshub/baseline_30d/query_checkpoints/0005.jsonl.gz,5425,12cafab4b206faacce6aa0c4de0127022701facef0e6c1cad593453825d8329d
analysis_intermediate,data/processed/cosmoshub/baseline_30d/query_checkpoints/0006.jsonl.gz,349,128db73fd22f3a9a5e8ee49777c7b1424427a0f12942cb90608d28bc408a120c
analysis_intermediate,data/processed/cosmoshub/baseline_30d/query_checkpoints/0008.jsonl.gz,729,0cf108b2a0d277a1f873427e807fe4f9ff87d4f76e100b56671154f91a48ffa0
analysis_intermediate,data/processed/cosmoshub/baseline_30d/query_checkpoints/0009.jsonl.gz,407,5223a81c9a804b82d36dd6f0c58c2b020914dd4a83d6452fa94372bf3beb2896
analysis_intermediate,data/processed/cosmoshub/baseline_30d/query_checkpoints/0010.jsonl.gz,402,77a604a516ffe66fbd1b0bacb5202efd5aa391a7bf6eda9c1cac39d6ea79185f
analysis_intermediate,data/processed/cosmoshub/baseline_30d/query_checkpoints/0011.jsonl.gz,347,bb05c8a7f8d34ab32339b74fcc16a02cb3c9d453420dbcb7d5e9b8a3e5f29979
analysis_intermediate,data/processed/cosmoshub/baseline_30d/query_checkpoints/0012.jsonl.gz,1199,d4c9896a69d9c658091425dc317020b0c63a733608fd83b75967ed81d6fe2cd0
analysis_intermediate,data/processed/cosmoshub/baseline_30d/query_checkpoints/0013.jsonl.gz,1356,a5d0469bfa04d05fef995797343501826d84d246f6474f787228e312773762e3
analysis_intermediate,data/processed/cosmoshub/baseline_30d/query_checkpoints/0015.jsonl.gz,922,fdc4924241ade0d4aa7c8fae2143fb26f3d80bc9d6ff20f66ec731b3045bba95
analysis_intermediate,data/processed/cosmoshub/baseline_30d/query_checkpoints/0017.jsonl.gz,347,4285768b517c39b3491760a7a17be23b3312857dd26c97d2d220464fa805a710
analysis_intermediate,data/processed/cosmoshub/baseline_30d/query_checkpoints/0018.jsonl.gz,4903,04f09b6b8918754295189402f842a07e78b31dbe5000e688ad36ab5b73326d6d
analysis_intermediate,data/processed/cosmoshub/baseline_30d/query_checkpoints/0019.jsonl.gz,7925,429923d62b6a510361f73467ee10474418fd965b1fed623f47b566daa5b09a3e
analysis_intermediate,data/processed/cosmoshub/baseline_30d/query_checkpoints/0020.jsonl.gz,373,d6dbbbb96ba5592580820cb7a6d76eeeefb457a79cda740e337f9434379d5e17
analysis_intermediate,data/processed/cosmoshub/baseline_30d/query_checkpoints/0021.jsonl.gz,348,e9523aeeb3d07d3fa43ca7d181468a0b57cd5767b4a5f7d62fb2a1ff552f78c9
analysis_intermediate,data/processed/cosmoshub/baseline_30d/query_checkpoints/0022.jsonl.gz,348,37f0e5cfdccba7cee2097b6481e6e01d30f8076260421eab2430919b11f4dd48
analysis_intermediate,data/processed/cosmoshub/baseline_30d/query_checkpoints/0023.jsonl.gz,1837,0bff5f7517c282bd3241465c440e849d96ff8676aa28759ba38dbfd0d1297376
analysis_intermediate,data/processed/cosmoshub/baseline_30d/query_checkpoints/0024.jsonl.gz,533,76dc50de4d3b575420802bbc0379ac1463fdb94272059819243467451e379d7e
analysis_intermediate,data/processed/cosmoshub/baseline_30d/query_checkpoints/0025.jsonl.gz,23381,6e30bebfb06e563f10c9f2be70ee69082e4e012401e21b5514c106d490be9ae5
analysis_intermediate,data/processed/cosmoshub/baseline_30d/query_checkpoints/0027.jsonl.gz,375,d7bff74ee4dee9562a4c4519b85c6be1ff5559a1f2f0b0ad54782bd6793c745a
analysis_intermediate,data/processed/cosmoshub/baseline_30d/query_checkpoints/0028.jsonl.gz,3448,425ff3af285d4b9d95d1501cb8d39bdc4564c10548567d9ef1f8a0e53f319d50
analysis_intermediate,data/processed/cosmoshub/baseline_30d/query_checkpoints/0029.jsonl.gz,347,dab7448ce11b32c79f061b34e15323f45e89582a61f3e6dfccbaa3afcbacfcd8
analysis_intermediate,data/processed/cosmoshub/baseline_30d/query_checkpoints/0030.jsonl.gz,539,86e93766af520c3fc10d9a49aadadc0588ef4426f40ec8f2579cfc1631b1c9ff
analysis_intermediate,data/processed/cosmoshub/baseline_30d/query_checkpoints/0031.jsonl.gz,1116,707a729213c533c041a083a44519e878dad1b9abdaa108c24bedb724f73c9f73
analysis_intermediate,data/processed/cosmoshub/baseline_30d/query_checkpoints/0032.jsonl.gz,3649,b2c6b510f997a739d9f2cad9ce239c532cbed36c7bfbb9468179eb32ca20d50c
analysis_intermediate,data/processed/cosmoshub/baseline_30d/query_checkpoints/0033.jsonl.gz,1037,cf569331fe8dc2232b82cf8bbcf62a86759acf982234cd05a70f2ff050ccced4
analysis_intermediate,data/processed/cosmoshub/baseline_30d/query_checkpoints/0034.jsonl.gz,3139,a15d3a7621416f5df6d4ff46c684ac766ed10c46a89f8ddebee5d802489dc709
analysis_intermediate,data/processed/cosmoshub/baseline_30d/query_checkpoints/0035.jsonl.gz,495,85fba72e5315c108170f9e697c5b5170f87ac810b54db3e30814035209e20f45
analysis_intermediate,data/processed/cosmoshub/baseline_30d/query_checkpoints/0036.jsonl.gz,408,74747cc37e06fe26ad6c3253a4e784baa85c1224871a090bd754e2a41476ed41
analysis_intermediate,data/processed/cosmoshub/baseline_30d/query_checkpoints/0037.jsonl.gz,472,1b63e97c7b81c62e50d3581b098c091061b4bcf2e55d6bac3afa8025d802b947
analysis_intermediate,data/processed/cosmoshub/baseline_30d/query_checkpoints/0038.jsonl.gz,1241,ef378dae1a9f39c6bb15c2c7300b20eaa5cc56bed24fac60cf36cfa3e53cdf3f
analysis_intermediate,data/processed/cosmoshub/baseline_30d/query_checkpoints/0039.jsonl.gz,4781,1d15c55115931e4e314a49eef44df1d2cf7f7c120e1b2d4960c01a393521a515
analysis_intermediate,data/processed/cosmoshub/baseline_30d/query_checkpoints/0040.jsonl.gz,600,75675b3b6f301b5176a3da5a3b297258d894147ee6fe18c37adb54e1d3770a2c
analysis_intermediate,data/processed/cosmoshub/baseline_30d/query_checkpoints/0041.jsonl.gz,783,72072e77775db54e9b16911c55f17d78a787e4bd6df26a8af16c8f3e4684de13
analysis_intermediate,data/processed/cosmoshub/baseline_30d/query_checkpoints/0043.jsonl.gz,737,8934b19965dc235ec2b16c39f4043326fbf77b59deb9f1ae570b938e76711560
analysis_intermediate,data/processed/cosmoshub/baseline_30d/query_checkpoints/0044.jsonl.gz,4741,477e3208be167447d679c8a0b62f194d1e122842daa60e22713aa2e0df9adbb0
analysis_intermediate,data/processed/cosmoshub/baseline_30d/query_checkpoints/0045.jsonl.gz,350,7b2e7fc26ad85eee3d478c22fd40b11ab291676df8ca63a4d3b82479348bb197
analysis_intermediate,data/processed/cosmoshub/baseline_30d/query_checkpoints/0046.jsonl.gz,485,1c73c9ff2def1070d910ca29aeeb55b16cf2ed7abde579fbd62e6df6bc6d436e
analysis_intermediate,data/processed/cosmoshub/baseline_30d/query_checkpoints/0047.jsonl.gz,348,0ee0a299100d8f9aaad4bbef869ff2baac7e4a0d2dfd7718e15653110f806709
analysis_intermediate,data/processed/cosmoshub/baseline_30d/query_checkpoints/0048.jsonl.gz,380,24b2fdf82131339365aad169de30c670f2e8151a22bd85b1f2fda2d3713c19d0
analysis_intermediate,data/processed/cosmoshub/baseline_30d/query_checkpoints/0049.jsonl.gz,1286,f8dc7ae15d46cb43ec3e001538ada4db5e586c37cb65d9125c787a79f2d1732e
analysis_intermediate,data/processed/cosmoshub/baseline_30d/query_checkpoints/0051.jsonl.gz,695,96a13c1bbfb02f8b9e7f68b2067eaa43d106f30677fa5c00ad8385770411188d
analysis_intermediate,data/processed/cosmoshub/baseline_30d/query_checkpoints/0052.jsonl.gz,954,4f404a850e13364f4b61056516ffb8be084bf39d99865d053ed2a647b707100e
analysis_intermediate,data/processed/cosmoshub/baseline_30d/query_checkpoints/0055.jsonl.gz,459,e46a0be9d3ac4eaa691c1ce5fbc3e2790546e76bf15a190d6ecd18463c3d3c65
analysis_intermediate,data/processed/cosmoshub/baseline_30d/query_checkpoints/0056.jsonl.gz,377,164bf4352df1e813759618288eef5aee0af428f52ae38d129868c915d6f220ad
analysis_intermediate,data/processed/cosmoshub/baseline_30d/query_checkpoints/0057.jsonl.gz,1796,de5d854a611a23f30de394213f194ce24335a433aeb7b5dfcbf9368e83ff8e08
analysis_intermediate,data/processed/cosmoshub/baseline_30d/query_checkpoints/0058.jsonl.gz,1707,06e1ae70b4e1390c26d4c0545d900f0e6759c228af75995d4004e3082d2db0c4
analysis_intermediate,data/processed/cosmoshub/baseline_30d/query_checkpoints/0059.jsonl.gz,971,803a7bdc1923d94705c8c17cf7a855260dc198705296f0934c775699f441acf4
analysis_intermediate,data/processed/cosmoshub/baseline_30d/query_checkpoints/0062.jsonl.gz,1217,9016df75817e02376a773d31472db8297ffd5073537d5e21818e503c5e177310
analysis_intermediate,data/processed/cosmoshub/baseline_30d/query_checkpoints/0063.jsonl.gz,28011,0cfcdf736a92d7e00b0a9788c21ebbec40ec4ef62be4800bc7c8daaa362cb980
analysis_intermediate,data/processed/cosmoshub/baseline_30d/query_checkpoints/0064.jsonl.gz,347,2a2502ab905a5a45e3d8cacb8fabd442a586ee69927f77b3d8336ac9c0fea3a6
analysis_intermediate,data/processed/cosmoshub/baseline_30d/query_checkpoints/0065.jsonl.gz,679,e3b79dca40166b2b0b5c622f66b5040b8ed87715d6c23cfdb487351a56cf7af2
analysis_intermediate,data/processed/cosmoshub/baseline_30d/query_checkpoints/0066.jsonl.gz,6555,e47728b92226aaf42c6f0cd5b27bbb6695e0c020dbbbbdb82d134aa6c8c8f4a9
analysis_intermediate,data/processed/cosmoshub/baseline_30d/query_checkpoints/0067.jsonl.gz,434,bd2bd6f8a981cf93ad7aed2df29fc07678d6310640f7fc78b871042a6817abb6
analysis_intermediate,data/processed/cosmoshub/baseline_30d/query_checkpoints/0068.jsonl.gz,382,92ba704690cfbdcd5fcc04536d9fcc9e0f463e92672bd96ccfa1b59e37982631
analysis_intermediate,data/processed/cosmoshub/baseline_30d/query_checkpoints/0069.jsonl.gz,403,a80d0e02a637e5109f68e55090e25b0ed6dc9fa3f24d092cd155cc45cf2131b0
analysis_intermediate,data/processed/cosmoshub/baseline_30d/query_checkpoints/0070.jsonl.gz,755,4a5a3d6726cf10b1d1e93e83406f120f27289acc06b8fb3198021fd2afc9f5bc
analysis_intermediate,data/processed/cosmoshub/baseline_30d/query_checkpoints/0072.jsonl.gz,349,7657ac2ef75a078310a67d4108deaf083535250766874026f90629333b5d1f9e
analysis_intermediate,data/processed/cosmoshub/baseline_30d/query_checkpoints/0073.jsonl.gz,3135,1f50c75cf40bb527c017614782f51af57eda5d6a97f768d68c4d83c661c9e0de
analysis_intermediate,data/processed/cosmoshub/baseline_30d/query_checkpoints/0074.jsonl.gz,350,3f8f03d53dcc43e4d7522cdf833efc18daab878d55bc9516b99fd0f7fc2354b6
analysis_intermediate,data/processed/cosmoshub/baseline_30d/query_checkpoints/0076.jsonl.gz,481,01028349e864b412d33566b4068d1d87597c15f705d0e8e04d6efb11f1322711
analysis_intermediate,data/processed/cosmoshub/baseline_30d/query_checkpoints/0077.jsonl.gz,348,c5d6780b6224053212b02bb151b7eb31db8dc88fb123e93092c9ac5052bcc201
analysis_intermediate,data/processed/cosmoshub/baseline_30d/query_checkpoints/0080.jsonl.gz,592,c0ddce81afe32fce3240e06a47c9a1c61c2f5476077caf68f4d02849387fc761
analysis_intermediate,data/processed/cosmoshub/baseline_30d/query_checkpoints/0081.jsonl.gz,349,ba98b83ae007a67ac16767f34ce5917813684fe7e02f7af2f5c109c58a96a6b9
analysis_intermediate,data/processed/cosmoshub/baseline_30d/query_checkpoints/0082.jsonl.gz,974,030cf34c13f94c102840fb1551c3a656d1ad7a1593ed5fe19e3c4676d75f1418
analysis_intermediate,data/processed/cosmoshub/baseline_30d/query_checkpoints/0083.jsonl.gz,427,dda9b2262cbab66d83f197eec1363d090302445c102059e6d5198ceb6e79841c
analysis_intermediate,data/processed/cosmoshub/baseline_30d/query_checkpoints/0084.jsonl.gz,2168,7e6a6907e241930277da76e06d0369564fd855ab266a933bc9db7e58d4faef03
analysis_intermediate,data/processed/cosmoshub/baseline_30d/query_checkpoints/0085.jsonl.gz,1149,73e0099306aa7ed621f3966ce5f7d14f0ddc73d03d5c02d74edca26548253ec2
analysis_intermediate,data/processed/cosmoshub/baseline_30d/query_checkpoints/0086.jsonl.gz,690,6dd20f513f4fcb6a3ee7ca271420c79087603de393fb73ebb6c55b6544ab84e1
analysis_intermediate,data/processed/cosmoshub/baseline_30d/query_checkpoints/0087.jsonl.gz,350,9fd9a864519f3e2c4b8486dce52eb65947154ab58a89c12d2b75b45188322a8c
analysis_intermediate,data/processed/cosmoshub/baseline_30d/query_checkpoints/0088.jsonl.gz,451,85215f3ef2e4cd023431329cdcea54df251593e9a3ec3d7aa4c72eabf659ef3c
analysis_intermediate,data/processed/cosmoshub/baseline_30d/query_checkpoints/0089.jsonl.gz,351,08232d5b9c30f596b436504aa2b905fec590fc3cf189734d2bbc532f038ed812
analysis_intermediate,data/processed/cosmoshub/baseline_30d/query_checkpoints/0090.jsonl.gz,424,fe63c0a22aca816baaa2c96ba96b7d133e7450fed718679f248f70b325182393
analysis_intermediate,data/processed/cosmoshub/baseline_30d/query_checkpoints/0091.jsonl.gz,426,83b0c3c950a792d41d93f9c32b292cd4484d7a0915e64c01f0bf5afb69caea15
analysis_intermediate,data/processed/cosmoshub/baseline_30d/query_checkpoints/0092.jsonl.gz,406,b92eee9f408f5d134cfdfd6fb193ac551e39b381e6969abfa3b681511b114afc
analysis_intermediate,data/processed/cosmoshub/baseline_30d/query_checkpoints/0093.jsonl.gz,351,31ede29c7e027a18215092184c4d409a329c51456af69089587a7dc863d4215d
analysis_intermediate,data/processed/cosmoshub/baseline_30d/query_checkpoints/0094.jsonl.gz,584,2e997af360d4a354ba0a219e9402aa058167f91ff9a3919ad53118c851d1f569
analysis_intermediate,data/processed/cosmoshub/baseline_30d/query_checkpoints/0095.jsonl.gz,416,1a81f7dc856b41d659489fe9b82f03f2a78c98d5fb3c6a339682bbebe175284c
analysis_intermediate,data/processed/cosmoshub/baseline_30d/query_checkpoints/0096.jsonl.gz,348,92e1ee4962dc4b7f416bbc79dd90d4489b57587e237380732eeb846829034e44
analysis_intermediate,data/processed/cosmoshub/baseline_30d/query_checkpoints/0097.jsonl.gz,1923,a1af139a02c1d5ca6a040e125cc2b6ba81e15fa570bf324f7e86668d8609f74d
analysis_intermediate,data/processed/cosmoshub/baseline_30d/query_checkpoints/0098.jsonl.gz,348,e635b0b7c9205782c3a2519c784ef405c5b70d6c305c5f656a4533977af20e50
analysis_intermediate,data/processed/cosmoshub/baseline_30d/query_checkpoints/0100.jsonl.gz,526,a8a206025c8d6c12f5fe3fcd181af3670a40be1a84731261095f4f10afc0eed1
analysis_intermediate,data/processed/cosmoshub/baseline_30d/query_checkpoints/0101.jsonl.gz,348,b8e126a6e2aeb21bd4b49f6f31b3bd452f09e9994919b9f416a777799ddc4c38
analysis_intermediate,data/processed/cosmoshub/baseline_30d/query_checkpoints/0102.jsonl.gz,754,93d067f69b2635bfc1c01f337376a1f387200e1af74b340ce685249d2036ec63
analysis_intermediate,data/processed/cosmoshub/baseline_30d/query_checkpoints/0103.jsonl.gz,349,3f490533d14d1d38afc124d54fb31941d632b4916d8c572ff17c52d8713fd827
analysis_intermediate,data/processed/cosmoshub/baseline_30d/query_checkpoints/0104.jsonl.gz,413,fb844371be26eabafe2a0bdc594fc3286c0b01400d557caaec7bc5b919e5167e
analysis_intermediate,data/processed/cosmoshub/baseline_30d/query_checkpoints/0105.jsonl.gz,561,7e6839998af438f53dff8ac5fc1c68c24aafeebbbb70d231ca5d2fba201ab00a
analysis_intermediate,data/processed/cosmoshub/baseline_30d/query_checkpoints/0106.jsonl.gz,349,1ae043c4aa436f6c55c6fb9c099f61874e45c82afaa5e58fdc68323cb67641e9
analysis_intermediate,data/processed/cosmoshub/baseline_30d/query_checkpoints/0107.jsonl.gz,441,f4293ea5a45e89ec2cb46582461792716c8101190a0ed62859217d021d148a57
analysis_intermediate,data/processed/cosmoshub/baseline_30d/query_checkpoints/0108.jsonl.gz,9992,660441fc849bc3141974316e83c06f501de9958a13440385b97760c15e30cc73
analysis_intermediate,data/processed/cosmoshub/baseline_30d/query_checkpoints/0109.jsonl.gz,348,45bf9f578cd70b459e497a36f95dfabb5862cd938ea58524133b079f6490d036
analysis_intermediate,data/processed/cosmoshub/baseline_30d/query_checkpoints/0110.jsonl.gz,932,95bdb360e9c6d9f646b8526bcb3bfa6c0166babbc4c8093f48c4d474f73a788b
analysis_intermediate,data/processed/cosmoshub/baseline_30d/query_checkpoints/0111.jsonl.gz,388,b1d44611d49e5363bd5dea8572c3e9a280e1ba7fc1b1eb704c81f8fc4b673403
analysis_intermediate,data/processed/cosmoshub/baseline_30d/query_checkpoints/0113.jsonl.gz,855,8c811521ada22d08673dde9b0538318db900e262d82085306c4e5f4a4e716e12
analysis_intermediate,data/processed/cosmoshub/baseline_30d/query_checkpoints/0114.jsonl.gz,409,75637525e0a72c771c12cd4de0455c419d23844553ef82252f1632aa72578e63
analysis_intermediate,data/processed/cosmoshub/baseline_30d/query_checkpoints/0115.jsonl.gz,3544,fcd1430df81f6c61449bcc90374a7fa23192e294ca877b81a962dfb85e23e121
analysis_intermediate,data/processed/cosmoshub/baseline_30d/query_checkpoints/0116.jsonl.gz,353,370bd9fdd705a3277c9828fc2bd276178051f1ec503b728337b9fc9e5b37e941
analysis_intermediate,data/processed/cosmoshub/baseline_30d/query_checkpoints/0117.jsonl.gz,1948,5a4cd48229b34f08c9558390fa3bfcb8adbad048efadbc54a29e7c20f5c352d3
analysis_intermediate,data/processed/cosmoshub/baseline_30d/query_checkpoints/0118.jsonl.gz,2003,a7e79fb36cf8f35aed52ecd289b70accec9ef393353913959160b52e554038e3
analysis_intermediate,data/processed/cosmoshub/baseline_30d/query_checkpoints/0119.jsonl.gz,1057,31d77ca5386f4fdf4c075248fd38f656ed7c419b50cc0897872183c049a3762f
analysis_intermediate,data/processed/cosmoshub/baseline_30d/query_checkpoints/0120.jsonl.gz,584,1f6f609f8e54bfa48ea8186906a5c0180445395b0e55470f857665b6dc4d6373
analysis_intermediate,data/processed/cosmoshub/baseline_30d/query_checkpoints/0121.jsonl.gz,925,82ed1fc96773d9c1f6c53cde46a6cb9aebf428fae0406ae6a3a683c033c0f3da
analysis_intermediate,data/processed/cosmoshub/baseline_30d/query_checkpoints/0122.jsonl.gz,2703,ddff1c5b94b339004dcfa1e3b2eb666e1a96bf27e7e12b816d82579cca1e7e38
analysis_intermediate,data/processed/cosmoshub/baseline_30d/query_checkpoints/0123.jsonl.gz,1776,142c89c7c9ca2714f519179d5f3fc7a9a6bcce2e48380711080fac515b8abe50
analysis_intermediate,data/processed/cosmoshub/baseline_30d/query_checkpoints/0124.jsonl.gz,404,aab27ba19f330e47bcd98fdd61c4d07e358d6b7633c3dbacbb2e6b6d55feb62a
analysis_intermediate,data/processed/cosmoshub/baseline_30d/query_checkpoints/0125.jsonl.gz,347,79fd34023cd8c1005f2551267307fdef3f4c61246da4e28dd6f26f801e9478a2
analysis_intermediate,data/processed/cosmoshub/baseline_30d/query_checkpoints/0127.jsonl.gz,348,8767c9627f5809c52c4ba1ffffb8ba3f5c6f7c57a2ad2918585e9d219051bcc3
analysis_intermediate,data/processed/cosmoshub/baseline_30d/query_checkpoints/0128.jsonl.gz,349,0826eebb1e1eda95064a8da0ddc11f27fd1215f4f5a9a12376c3ff9db5f2f300
analysis_intermediate,data/processed/cosmoshub/baseline_30d/query_checkpoints/0129.jsonl.gz,900,36fa2189acf7ed2000bab16af224fd471a9dc88098a67d6a26e311ed802f3d21
analysis_intermediate,data/processed/cosmoshub/baseline_30d/query_checkpoints/0130.jsonl.gz,1787,32ea5ffad00d20eda543f822f1da6f8735366a2db0e99f9ad5ce1f8eb1e3c3fa
analysis_intermediate,data/processed/cosmoshub/baseline_30d/query_checkpoints/0132.jsonl.gz,374,6b245a212fba3afa48937b2132bd8520a7aa1a551de7300cf23b4e50c0199a52
analysis_intermediate,data/processed/cosmoshub/baseline_30d/query_checkpoints/0133.jsonl.gz,348,8edc4e438e5bf6d0c3407baa4530a4155699807298385b80dab1d7d4aa0cca2e
analysis_intermediate,data/processed/cosmoshub/baseline_30d/query_checkpoints/0134.jsonl.gz,4698,9744a07b5187b9842d261563c5d1879c8aed5bb8f9c865e688956550ebd47efb
analysis_intermediate,data/processed/cosmoshub/baseline_30d/query_checkpoints/0137.jsonl.gz,351,dfe712e7b30c1ccb4eeaa97214bf589b3231f7b9d0ae6d21884e81e1ea70ea23
analysis_intermediate,data/processed/cosmoshub/baseline_30d/query_checkpoints/0139.jsonl.gz,381,10b446cdb4b0b94518ba54134252e2caf80ad8b3a7666d4213f883f9fe9fb935
analysis_intermediate,data/processed/cosmoshub/baseline_30d/query_checkpoints/0140.jsonl.gz,5499,a43bd398a5b7e141043fb9812924132e21e417bfe02e91164a5faff9ba5f50d0
analysis_intermediate,data/processed/cosmoshub/baseline_30d/query_checkpoints/0141.jsonl.gz,454,97dfaaa063c00db9a696f872dd2dcf083978d981db0d8c6c5875cc7466630c7e
analysis_intermediate,data/processed/cosmoshub/baseline_30d/query_checkpoints/0142.jsonl.gz,1382,1e4d8cc1c8fd4b4bd49e64dd031c25f7053b7c129f7c526eee023862d2af9f48
analysis_intermediate,data/processed/cosmoshub/baseline_30d/query_checkpoints/0143.jsonl.gz,420,07898b11f04c02e0e856c91670069e818f102d643356b3b629d94b10147c578f
analysis_intermediate,data/processed/cosmoshub/baseline_30d/query_checkpoints/0144.jsonl.gz,577,ba3b6ec9671eabcf9591d78c23c9386bcdf854bbc9396f174d0f531a8bfb0979
analysis_intermediate,data/processed/cosmoshub/baseline_30d/query_checkpoints/0145.jsonl.gz,825,48f77ff20b8b49e8c9131fddaabd00ac6ac642843c14abf0d4f30858502f9987
analysis_intermediate,data/processed/cosmoshub/baseline_30d/query_checkpoints/0146.jsonl.gz,790,c8f3fbeef98c6fabbee1ce3018bdb4fc493f5cb1e5cbd3ca1ed305efdbec01b9
analysis_intermediate,data/processed/cosmoshub/baseline_30d/query_checkpoints/0147.jsonl.gz,393,811e6e8927e86e2687ea8de5a4b3288897dab31315ecb0909b1caad316f31bcc
analysis_intermediate,data/processed/cosmoshub/baseline_30d/query_checkpoints/0148.jsonl.gz,948,758a1de3cfc52e47a2fa026141f766700127208afcb9641af277238162a5ae38
analysis_intermediate,data/processed/cosmoshub/baseline_30d/query_checkpoints/0149.jsonl.gz,347,8ae4e92ea2984563adcf25c72fec18e16a81cdee9fd2423ebd5dce7e200f93fc
analysis_intermediate,data/processed/cosmoshub/baseline_30d/query_checkpoints/0150.jsonl.gz,534,e0f2ad2d82d6d54dab8090db4f77387686efe344670af84d10e9c9bf03d8f220
analysis_intermediate,data/processed/cosmoshub/baseline_30d/query_checkpoints/0151.jsonl.gz,392,9700d5bb642c38d4f52016125c2d814603bf36fcd6f1b011b82d6f20b3dbfa6f
analysis_intermediate,data/processed/cosmoshub/baseline_30d/query_checkpoints/0152.jsonl.gz,938,15fa5c441f4d694a4f96adb7122a46f75d5b62b5531df48a80e136a4f242f56f
analysis_intermediate,data/processed/cosmoshub/baseline_30d/query_checkpoints/0153.jsonl.gz,1198,ac61fa25f1e0dae72e537cb92f769fa5428d7593ceaedea87e0d4204a92e28b3
analysis_intermediate,data/processed/cosmoshub/baseline_30d/query_checkpoints/0154.jsonl.gz,4789,3ca2c69d7b9d55a4bde5ed2149cb50423156e3a3bfafe5a91c65334f1657f6dc
analysis_intermediate,data/processed/cosmoshub/baseline_30d/query_checkpoints/0155.jsonl.gz,9654,a547f57523dedff0f5dafa1351b1f54258dd22754aaf659e5bc78b7764dc2d5d
analysis_intermediate,data/processed/cosmoshub/baseline_30d/query_checkpoints/0156.jsonl.gz,646,fd27ae2a5207c2cf276beb64d0a16a16577c87eb6df3198f31851e74b5ae1d5d
analysis_intermediate,data/processed/cosmoshub/baseline_30d/query_checkpoints/0157.jsonl.gz,9999,5ff890db9d257d91336c21e5f57bd787e8f95f6c68157b451f58d7b244a83c7e
analysis_intermediate,data/processed/cosmoshub/baseline_30d/query_checkpoints/0158.jsonl.gz,352,f7971fe42f8fd1a4d9036bc3d0484ff8303f4a238148619b0cd20ac900401033
analysis_intermediate,data/processed/cosmoshub/baseline_30d/query_checkpoints/0159.jsonl.gz,449,e837e64fa472d48d1e6ec51219e4fdd11589a84a8c7a21c2be167819c9c86822
analysis_intermediate,data/processed/cosmoshub/baseline_30d/query_checkpoints/0160.jsonl.gz,404,3f92811882dc1be731679d1ff1cde205d7adc14eb566d936dd5c920235d613e7
analysis_intermediate,data/processed/cosmoshub/baseline_30d/query_checkpoints/0161.jsonl.gz,3720,a7d217da468d339688a646a13dbe6c4a5cb64098fb2348fd9536d8374274eca8
analysis_intermediate,data/processed/cosmoshub/baseline_30d/query_checkpoints/0162.jsonl.gz,400,52e562cfe30c8aa097996c28a85ac44047efa6f1a58f4325f7283afc3bd6b323
analysis_intermediate,data/processed/cosmoshub/baseline_30d/query_checkpoints/0164.jsonl.gz,599,67f116c60947f352a77a41e93dd9965cb8d92b35e3ccdd9cc118944e8bb8024b
analysis_intermediate,data/processed/cosmoshub/baseline_30d/query_checkpoints/0165.jsonl.gz,56302,a3e3b2aca0f978b633e4fdba067fd9607366792e1a6a850ff4ffd6d9a1ef2126
analysis_intermediate,data/processed/cosmoshub/baseline_30d/query_checkpoints/0166.jsonl.gz,439,87ed667ade706dae517a68328f82fc7bd13b88901c8c83aa9980089d2b2786d9
analysis_intermediate,data/processed/cosmoshub/baseline_30d/query_checkpoints/0167.jsonl.gz,353,ab6ff23a9450a1fc05b7dc705dff9e966b99f880dc3bfbd6baf791e25f79f9a9
analysis_intermediate,data/processed/cosmoshub/baseline_30d/query_checkpoints/0168.jsonl.gz,1899,8da9c6e65bc72b31da1fc9b5b4579de627c1319ae3ff8a44ed1982728c837075
analysis_intermediate,data/processed/cosmoshub/baseline_30d/query_checkpoints/0169.jsonl.gz,889,59cc4d74822200bdc8f946eb148874241ea6af82b8dfe2ac84b9bea5eea36d29
analysis_intermediate,data/processed/cosmoshub/baseline_30d/query_checkpoints/0170.jsonl.gz,1677,6a78c338ea25c0a1e1152e902ef8cfabf7bd79904fd7a5477e7570d973e14b10
analysis_intermediate,data/processed/cosmoshub/baseline_30d/query_checkpoints/0171.jsonl.gz,8980,fd7750be99d54b89a0dc87e43010f1b2bca1a0dfcaab68afa49174953d070b97
analysis_intermediate,data/processed/cosmoshub/baseline_30d/query_checkpoints/0172.jsonl.gz,352,bf32e18b919c357dc1539d2084e80d06f36f0ea6009f8fdf63c75ad95515459a
analysis_intermediate,data/processed/cosmoshub/baseline_30d/query_checkpoints/0173.jsonl.gz,1453,213e018e4b3f3de88a9f81808fb9d441a1a6b3085128925b16ed3d278859be2c
analysis_intermediate,data/processed/cosmoshub/baseline_30d/query_checkpoints/0174.jsonl.gz,489,9d9c081b54a4b888c052e80262d569efcd70011b1e556a966b78c82b4f6d5693
analysis_intermediate,data/processed/cosmoshub/baseline_30d/query_checkpoints/0175.jsonl.gz,797,ab5d5a57d09dad1adb26222b06320f938f9d3344deeb696bdead205ae8726bf1
analysis_intermediate,data/processed/cosmoshub/baseline_30d/query_checkpoints/0176.jsonl.gz,382,dbe03926a0111f851918986e2adc127a26e2ff1bc0bcb7642c3c53602fe8a1f8
analysis_intermediate,data/processed/cosmoshub/baseline_30d/query_checkpoints/0177.jsonl.gz,468,62a3aab2e447b4e4e1dd442a53de5f4255c66d01ed6b4892b2f1edd2cd9d4848
analysis_intermediate,data/processed/cosmoshub/baseline_30d/query_checkpoints/0179.jsonl.gz,461,20a298d58bb7731651bffe53c143605245b1df2b426cbad14d4f5dbf9d98a107
analysis_intermediate,data/processed/cosmoshub/baseline_30d/query_checkpoints/0180.jsonl.gz,637,aa3f4428d7ee425485ba08776e7c67ac20be134fa8798519063e1dcc61dee7c9
analysis_intermediate,data/processed/cosmoshub/baseline_30d/query_checkpoints/0181.jsonl.gz,704,158bf743999a17778a3ca7388ef0fcd8f689c96016d48b2ed544b7391647f51d
analysis_intermediate,data/processed/cosmoshub/baseline_30d/query_checkpoints/0182.jsonl.gz,815,28fd0d3738ce39ce83c873f232ffc5856f0a3fb33ac9ec283fae7499538d141c
analysis_intermediate,data/processed/cosmoshub/baseline_30d/query_checkpoints/0183.jsonl.gz,348,0504d9d187208a520501e1bbeda86fd38ee8c378191a5b56e29168f4a773bb27
analysis_intermediate,data/processed/cosmoshub/baseline_30d/query_checkpoints/0185.jsonl.gz,606,19297b3c372c9fe8619abaec5544845d5447cfa45f608bf4f5f11d646b9638bf
analysis_intermediate,data/processed/cosmoshub/baseline_30d/query_checkpoints/0186.jsonl.gz,353,879ccc4d6a6ce5c2da4909aed1a7075197f525a15e044954856fd842a8437c69
analysis_intermediate,data/processed/cosmoshub/baseline_30d/query_checkpoints/0188.jsonl.gz,353,673f549aa5675673531112440cca60d3d5d7cd6c9ca4dab72c14ebeae9a181ef
analysis_intermediate,data/processed/cosmoshub/baseline_30d/query_checkpoints/0189.jsonl.gz,540,dba1580f16880fb7a11203079f3efb8eefb445686a02215e6bb48d24fbe2a5d8
analysis_intermediate,data/processed/cosmoshub/baseline_30d/query_checkpoints/0190.jsonl.gz,412,4dff6bc3ae877bcae7efae3c0b499a329c461ca4e2e6b18cb128020e809011c3
analysis_intermediate,data/processed/cosmoshub/baseline_30d/query_checkpoints/0191.jsonl.gz,526,3a82e628283055251016303505cc80f2514824ae9a07cc316ed86d537fe7e4c6
analysis_intermediate,data/processed/cosmoshub/baseline_30d/query_checkpoints/0192.jsonl.gz,7417,5d6718b24e352c0adf8deac600b6b37bed8e22919c1e9893e8d0c0a3fe401366
analysis_intermediate,data/processed/cosmoshub/baseline_30d/query_checkpoints/0193.jsonl.gz,353,d6e47e4fdb8bdc62f1e76271bd0adc9cd35718fed3002151128bd39812a540fb
analysis_intermediate,data/processed/cosmoshub/baseline_30d/query_checkpoints/0194.jsonl.gz,483,07f75d2499f058c743918ebd24bebf40b9cb1cdff7fd7d6114f3287a85d65081
analysis_intermediate,data/processed/cosmoshub/baseline_30d/query_checkpoints/0195.jsonl.gz,609,af75e4662371d9fd9ca5c84e43a7fa7e27a98bdf21a668834788cfbb16aa729a
analysis_intermediate,data/processed/cosmoshub/baseline_30d/query_checkpoints/0196.jsonl.gz,11148,987d8db091a8db20f9e0d1560a0bbcec69322027af9f085a3ff1d986965dce2b
analysis_intermediate,data/processed/cosmoshub/baseline_30d/query_checkpoints/0198.jsonl.gz,1481,1bb73ab63e0f9531526d59f21060e061ca901e3b0a351208c6282d60fe82fd9a
analysis_intermediate,data/processed/cosmoshub/baseline_30d/query_checkpoints/0200.jsonl.gz,529,11762acea32d1710f105aa19237a5fcb3400003d0550776fda75ba7129bff510
analysis_intermediate,data/processed/cosmoshub/baseline_30d/query_checkpoints/0201.jsonl.gz,2110,7ec51f06ab5b02a36be891e5082feac7413867393a7ddb11223d615eff0367ae
analysis_intermediate,data/processed/cosmoshub/baseline_30d/query_checkpoints/0202.jsonl.gz,347,9f3ba713d2ab60dd1a0df9058615c4b10ace9969e1d0c60addc5557d6d2f4193
analysis_intermediate,data/processed/cosmoshub/baseline_30d/query_checkpoints/0203.jsonl.gz,349,3d9d2c17d1d2db7a4461f908dba6dc6e045c9d9a19d6fd9e9fdf6cf53b149437
analysis_intermediate,data/processed/cosmoshub/baseline_30d/query_checkpoints/0204.jsonl.gz,350,41e14e14c7785a26c35e5b5d7a234ec2531e7bb526f1c891470a4d394efec108
analysis_intermediate,data/processed/cosmoshub/baseline_30d/query_checkpoints/0206.jsonl.gz,347,eb234c25940b890eb1053ef9bf4150a2b73b888aa7b366ceaa109e6fc2a47ba0
analysis_intermediate,data/processed/cosmoshub/baseline_30d/query_checkpoints/0207.jsonl.gz,1368,7167fbae06e150a0db0aaee172cb5afd4d0d553ba1cbb93eb2ad449273e254d6
analysis_intermediate,data/processed/cosmoshub/baseline_30d/query_checkpoints/0208.jsonl.gz,404,4e0006cf01d34b8d92825ec53194ac3fe3d96a694fba4f63cc9a600b0a2efefc
analysis_intermediate,data/processed/cosmoshub/baseline_30d/query_checkpoints/0209.jsonl.gz,423,de39f4ce896faf2f8ecdacf2e038fa1f29196fea4d03ffd849cd5a62159536eb
analysis_intermediate,data/processed/cosmoshub/baseline_30d/query_checkpoints/0210.jsonl.gz,1033,6552ef9bd82e110077ae16c39239955b3cf0239974ed252015b7d04191eba319
analysis_intermediate,data/processed/cosmoshub/baseline_30d/query_checkpoints/0211.jsonl.gz,15263,20d02e84d4ebaf2be7aecb198abdee412c0409718615cbda812dd21c923d6c57
analysis_intermediate,data/processed/cosmoshub/baseline_30d/query_checkpoints/0212.jsonl.gz,1795,9c0ae4a2eefe68e09b5787d5c31aadfbc0489334b3f23c0a960836577ea39725
analysis_intermediate,data/processed/cosmoshub/baseline_30d/query_checkpoints/0213.jsonl.gz,351,04653be0babcdf4b671f3d1ca26b1a1728e4b0815f186c27b41eec4b61c6846b
analysis_intermediate,data/processed/cosmoshub/baseline_30d/query_checkpoints/0214.jsonl.gz,351,fa36b6e8a96939326e4d5e6be90e680f09d7f0eeb767722bf2fc384a5fb1c1df
analysis_intermediate,data/processed/cosmoshub/baseline_30d/query_checkpoints/0215.jsonl.gz,351,4c135a7c9569b1a3898dfe2eea5d0c55479bde47fbecb1b73eea75c100f8cea8
analysis_intermediate,data/processed/cosmoshub/baseline_30d/query_checkpoints/0216.jsonl.gz,394,b8c0065072f9c34aa05f42673232c7884f8b0764d28240331e007d2f07b519e6
analysis_intermediate,data/processed/cosmoshub/baseline_30d/query_checkpoints/0217.jsonl.gz,350,daa1a08897d3064353104001ef75acd69e6f9511dab646772a6010177a5bfeca
analysis_intermediate,data/processed/cosmoshub/baseline_30d/query_checkpoints/0219.jsonl.gz,759,50816bb0cab5539ca1537eaab22b0578269ddba705670b4ef2f3c23d43476cb9
analysis_intermediate,data/processed/cosmoshub/baseline_30d/query_checkpoints/0220.jsonl.gz,427,84771dbc0c5ef69b3bb80692357980c16ba6afde3713728656c2f602b77c7534
analysis_intermediate,data/processed/cosmoshub/baseline_30d/query_checkpoints/0221.jsonl.gz,396,fd3ca4b7010a8796565197ca5b85165a6294d9c49fafc1258cd16cec80ef7114
analysis_intermediate,data/processed/cosmoshub/baseline_30d/query_checkpoints/0222.jsonl.gz,756,b75710e78d6ed7f304fd53c202ae893906d931b0c92aa0e615a6e173ac1abec2
analysis_intermediate,data/processed/cosmoshub/baseline_30d/query_checkpoints/0225.jsonl.gz,1390,33501621e3ee62a29f4c845e545b8c87745407fe80e4983a53557b568dd63ca1
analysis_intermediate,data/processed/cosmoshub/baseline_30d/query_checkpoints/0226.jsonl.gz,469,c2bc33e5490d605a6a435dcdd63cf46b93b7a80426b8a373ef126673a94d3c21
analysis_intermediate,data/processed/cosmoshub/baseline_30d/query_checkpoints/0227.jsonl.gz,413,d10813a038ecdba27c89c94d69e3606890357788905d22fb2f83a74aea183e15
analysis_intermediate,data/processed/cosmoshub/baseline_30d/query_checkpoints/0228.jsonl.gz,944,40201def41f41669b7af4458119f5621d14da2e4486a3143933cc1ed9f3687d9
analysis_intermediate,data/processed/cosmoshub/baseline_30d/query_checkpoints/0230.jsonl.gz,439,aba33bf82a2a2c25877daa12c5e63e9a2a22c24be52c73207a018042e05ba377
analysis_intermediate,data/processed/cosmoshub/baseline_30d/query_checkpoints/0231.jsonl.gz,399,67442d6f9a58147c4af33f2d3c6c40a3a512d128fe6e6e58c383f6139b7ab9ee
analysis_intermediate,data/processed/cosmoshub/baseline_30d/query_checkpoints/0232.jsonl.gz,351,7bca1e7b496bfe58c7957f3c7fff8dbd9607c7c50d0d7f56ab135eaf4cc0a0cf
analysis_intermediate,data/processed/cosmoshub/baseline_30d/query_checkpoints/0233.jsonl.gz,527,7c27e8cf43debce2890dccdee0a91fc9d918d91edf11a5cba48a4ce7c2b366c7
analysis_intermediate,data/processed/cosmoshub/baseline_30d/query_checkpoints/0234.jsonl.gz,352,f0bcf30d89bb3a4a8d7ce4e1f44f376ec012a12e025309e157d5d6ad25505067
analysis_intermediate,data/processed/cosmoshub/baseline_30d/query_checkpoints/0235.jsonl.gz,400,95d1e67c06d1e0772739a4aadcba6302ffdcc48e80e93f3a9742537d912da878
analysis_intermediate,data/processed/cosmoshub/baseline_30d/query_checkpoints/0236.jsonl.gz,413,467a94cb8244f83ce88f950f486ff520d7df5e17697f1b04dd9fdf7d4771fd59
analysis_intermediate,data/processed/cosmoshub/baseline_30d/query_checkpoints/0237.jsonl.gz,350,92a59e50844fd3cb67b08c8db1c71457e832c8444431fd71784cad441efc1488
analysis_intermediate,data/processed/cosmoshub/baseline_30d/query_checkpoints/0240.jsonl.gz,504,a019685532407c95a9fcccf541a3f8e3a3e81364126b2420eed779193ba817e6
analysis_intermediate,data/processed/cosmoshub/baseline_30d/query_checkpoints/0241.jsonl.gz,963,b7ce817594da14780b05d787449b575cbcce718c5af9cdef500180b55f669fe2
analysis_intermediate,data/processed/cosmoshub/baseline_30d/query_checkpoints/0245.jsonl.gz,413,defb3708b609e8f127a88c3448ff4b2d085837d5d4f17e692fee881f26deb9a3
analysis_intermediate,data/processed/cosmoshub/baseline_30d/query_checkpoints/0246.jsonl.gz,353,5e00c3bd93d985006267ab0fefb73af8b2b6ff00c89989b0c9257a245eccc023
analysis_intermediate,data/processed/cosmoshub/baseline_30d/query_checkpoints/0248.jsonl.gz,350,2b7f76e564a590aa3d067d422662f342b92193cd24a23546c330adafb963e584
analysis_intermediate,data/processed/cosmoshub/baseline_30d/query_checkpoints/0249.jsonl.gz,2135,9f845e7d5137d3fb44966c01a02f9fc38c4e7de4e2c2605c31894e855b24d1ba
analysis_intermediate,data/processed/cosmoshub/baseline_30d/query_checkpoints/0250.jsonl.gz,350,53ab33637fec3a3b266bcf62370bf6c5dfbd4a03f408c187c4112e01509f6cac
analysis_intermediate,data/processed/cosmoshub/baseline_30d/query_checkpoints/0251.jsonl.gz,2223,ad411224dd8f1fffc72fb5f0a36a527a8cbf80289c83a7d227bb945adbeeaa99
analysis_intermediate,data/processed/cosmoshub/baseline_30d/query_checkpoints/0252.jsonl.gz,766,407dbdf266209e27afbeaf780809adac6c1d61cadd0949b916835657968e52cb
analysis_intermediate,data/processed/cosmoshub/baseline_30d/query_checkpoints/0253.jsonl.gz,458,15a90b0770e95af4c7b613abcb9230a58eb1d60929fbb8b63f4ff75372282425
analysis_intermediate,data/processed/cosmoshub/baseline_30d/query_checkpoints/0254.jsonl.gz,1743,9754f496457015931bb9b8d65e897cb67dbc01f4afebdd1f80669ed01bd64970
analysis_intermediate,data/processed/cosmoshub/baseline_30d/query_checkpoints/0255.jsonl.gz,350,284f4cb79b172e09b17b9161e2f433fa45ccb0df0c9b49b8e3ff1e103a96ab20
analysis_intermediate,data/processed/cosmoshub/baseline_30d/query_checkpoints/0256.jsonl.gz,756,c3c98a48898f71f186f6e371f2ff361f467b8160d111a4803518f3766b47334a
analysis_intermediate,data/processed/cosmoshub/baseline_30d/query_checkpoints/0257.jsonl.gz,351,1ef61668dc3bca6e5a3c2c2fa48a770c892695eb54e80fd6d5507bad86b63bec
analysis_intermediate,data/processed/cosmoshub/baseline_30d/query_checkpoints/0258.jsonl.gz,11862,f17ce2ca72bd333078ec1d1271d2796a33150746eab85724b0b0dc9d7f0d98cc
analysis_intermediate,data/processed/cosmoshub/baseline_30d/query_checkpoints/0260.jsonl.gz,1114,3b71ab4b3462d5b54725e4e7f834e04cb4eb6d15fe5626d0286ca48ae7ccf87e
analysis_intermediate,data/processed/cosmoshub/baseline_30d/query_checkpoints/0261.jsonl.gz,487,5b9236472bf4610af1db2313daf5ec005ecf633bf75c658acf6bcfae6005abaa
analysis_intermediate,data/processed/cosmoshub/baseline_30d/query_checkpoints/0262.jsonl.gz,844,5f763679128531622080daece7190a27e4bc8efa681b1e7c73117f83c1bca43d
analysis_intermediate,data/processed/cosmoshub/baseline_30d/query_checkpoints/0263.jsonl.gz,348,4e76913aa81f910fe290fc6516b9d7d6baf817a22aaebc3a55cf4b066fe0af5c
analysis_intermediate,data/processed/cosmoshub/baseline_30d/query_checkpoints/0264.jsonl.gz,1761,56ee7b7e3a16b59d84d1ac8619b9aff9a3850f038e9289fc5c842ef59d6b7bc7
analysis_intermediate,data/processed/cosmoshub/baseline_30d/query_checkpoints/0265.jsonl.gz,349,c3ae0045f28712a6657de9dd31531c57eac08643a4c2daae727f1ee43fb29715
analysis_intermediate,data/processed/cosmoshub/baseline_30d/query_checkpoints/0266.jsonl.gz,349,c1775500dd5ece57770d8cca4c47cac0bc17dac388e2d48a80e5f255468230f5
analysis_intermediate,data/processed/cosmoshub/baseline_30d/query_checkpoints/0267.jsonl.gz,441,f8fbc0bd6011974a3792c1f8dfd8f6f1ef73315f2555ac9e44a404e7bcfcc46e
analysis_intermediate,data/processed/cosmoshub/baseline_30d/query_checkpoints/0269.jsonl.gz,889,6e0a14ae2831305e0152b4f7ae698eebc2f2b3a6b9577806796f163ed9c1eb62
analysis_intermediate,data/processed/cosmoshub/baseline_30d/query_checkpoints/0270.jsonl.gz,404,4f83756d2207b44d117b228751b13af703ca8f4d0e13717bd5c1082408afd1dd
analysis_intermediate,data/processed/cosmoshub/baseline_30d/query_checkpoints/0271.jsonl.gz,450,92c6da831ebd1c499d089599c4bede4313631cae745e822b85858b14f18c6948
analysis_intermediate,data/processed/cosmoshub/baseline_30d/query_checkpoints/0272.jsonl.gz,350,be32fd2f8f4d44445f6223186299c5e0f7fc53f5420ab96810b9f4ea64de66fa
analysis_intermediate,data/processed/cosmoshub/baseline_30d/query_checkpoints/0273.jsonl.gz,394,477840d816c9ec86494987d28e884bc6f25bff432b918a2f7a80a4a149aa1654
analysis_intermediate,data/processed/cosmoshub/baseline_30d/query_checkpoints/0274.jsonl.gz,411,ae07496465e463913a1893fad54b870f6d4a588a686d771cfa4f82a0647aa501
analysis_intermediate,data/processed/cosmoshub/baseline_30d/query_checkpoints/0275.jsonl.gz,1219,4163b7d01ad43461e2f2eb57dd7b586d45447fe51da771f4f32bdeaecf149dcf
analysis_intermediate,data/processed/cosmoshub/baseline_30d/query_checkpoints/0276.jsonl.gz,1695,8dbd1ed4685634ec9127cec48ba052f0d30af8fdbd1e5af81c311b2b0843be7d
analysis_intermediate,data/processed/cosmoshub/baseline_30d/query_checkpoints/0277.jsonl.gz,384,908f1bea62d1ad30df5410ea6892be83a6a36813aba1943e21bd25c19635b3b3
analysis_intermediate,data/processed/cosmoshub/baseline_30d/query_checkpoints/0278.jsonl.gz,398,80eb69cf50b521e4a9993716708dffd141bc314b0c33543700fba017d7f95255
analysis_intermediate,data/processed/cosmoshub/baseline_30d/query_checkpoints/0279.jsonl.gz,449,3ab0737bfe0452bbd5f003dbbd371bbadcc44edd5ff98b4c66a82d4107006e82
analysis_intermediate,data/processed/cosmoshub/baseline_30d/query_checkpoints/0281.jsonl.gz,847,dabb9a285cec001b41cc5217c93159425419a6de7a75388133ef2ff1d60a7331
analysis_intermediate,data/processed/cosmoshub/baseline_30d/query_checkpoints/0282.jsonl.gz,4787,de398dbc0178d91d51580b7afa107a515a0ccc1602671dbd8c797ca7047a74e2
analysis_intermediate,data/processed/cosmoshub/baseline_30d/query_checkpoints/0283.jsonl.gz,552,dbf237c43e01a626885c332817fb9c833b831bc71e886ddf8101e8fe5db3d8a9
analysis_intermediate,data/processed/cosmoshub/baseline_30d/query_checkpoints/0284.jsonl.gz,884,a5173b0aebde4d4f829771826aab8af7b68ce77f0c58147ab98e291f57eb1a4f
analysis_intermediate,data/processed/cosmoshub/baseline_30d/query_checkpoints/0285.jsonl.gz,379,e4152b6d12364a7b3eb4d5cd6e6bfdf334d564cfb62a36da4a524785ed314f92
analysis_intermediate,data/processed/cosmoshub/baseline_30d/query_checkpoints/0286.jsonl.gz,2542,3ecfd8f53957df4855c4b11d717f5cd273a6263bf490aa70308afe60e8793508
analysis_intermediate,data/processed/cosmoshub/baseline_30d/query_checkpoints/0287.jsonl.gz,349,a513c1f338aad6d56c65540b4750e0b7051b0d5fbea971619b0fe3b42b12f8b7
analysis_intermediate,data/processed/cosmoshub/baseline_30d/query_checkpoints/0289.jsonl.gz,541,daa74a95001c6b4a783f5bf5d2dcc25c931263c603a1308c83571668d32a5467
analysis_intermediate,data/processed/cosmoshub/baseline_30d/query_checkpoints/0290.jsonl.gz,498,b673c0ab74f5085fcba9a399e81c88a9e89c158808c6a838619f1af392ef925d
analysis_intermediate,data/processed/cosmoshub/baseline_30d/query_checkpoints/0291.jsonl.gz,851,bfde6830a27bf87d9546cf26ada5adacef112e3674701c9ae0a62b2c035c506b
analysis_intermediate,data/processed/cosmoshub/baseline_30d/query_checkpoints/0292.jsonl.gz,410,072ab6a1785882fee38712dcbf9a2703984d79eb6143136927edd200b2304ca5
analysis_intermediate,data/processed/cosmoshub/baseline_30d/query_checkpoints/0293.jsonl.gz,409,ec6cf35f50a3f25cb03bed8ed9b712ba4ce00a3c4e02be84216b634ee4598269
analysis_intermediate,data/processed/cosmoshub/baseline_30d/query_checkpoints/0295.jsonl.gz,811,3f2068a2ae1369e6a41560ac85387dc613e767332961a154873b45edeee3f96e
analysis_intermediate,data/processed/cosmoshub/baseline_30d/query_checkpoints/0296.jsonl.gz,2064,d88bcdea70b87af944cb50f289a7b62ad978afd5392adaeeb57c100052f2072d
analysis_intermediate,data/processed/cosmoshub/baseline_30d/query_checkpoints/0297.jsonl.gz,355,f6e384c41f4d9b7ba8a8e2886edc82c886cdd73a8ce9efa461ef059e6f432bff
analysis_intermediate,data/processed/cosmoshub/baseline_30d/query_checkpoints/0298.jsonl.gz,430,3181393fa6583f510dd2e151da856d07a365e268c3f8ac16b5eb4345db808c3b
analysis_intermediate,data/processed/cosmoshub/baseline_30d/query_checkpoints/0299.jsonl.gz,498,97c1df201e750c11b68cc42d6bcb3c1161f6e98b2be3d59ef7907d0fa0d840ac
analysis_intermediate,data/processed/cosmoshub/baseline_30d/query_checkpoints/0300.jsonl.gz,390,ad2da926b8d2dcfbf67b854f295b77a02db348e87be1c107dc1d2302f9ce89b1
analysis_intermediate,data/processed/cosmoshub/baseline_30d/query_checkpoints/0301.jsonl.gz,643,86c31864711a210c48d2929d1f081c2067484ab9b64ce8c5b2ca2aa4bfdb5aa4
analysis_intermediate,data/processed/cosmoshub/baseline_30d/query_checkpoints/0302.jsonl.gz,3026,87a58aa7416e2eafe6c85480459e67d2b6453299b02d9edec92883116f9281cc
analysis_intermediate,data/processed/cosmoshub/baseline_30d/query_checkpoints/0303.jsonl.gz,354,291ebfb89b481f751a952bfcc9b1806244b98b387dd5d5d0be8246ae77a3bb1a
analysis_intermediate,data/processed/cosmoshub/baseline_30d/query_checkpoints/0304.jsonl.gz,352,a194ff2a4c5ec9b4b9a7c5438dbd60874b137b36be8b0ad1fd87f86dbfe9ec32
analysis_intermediate,data/processed/cosmoshub/baseline_30d/query_checkpoints/0305.jsonl.gz,352,095c1b3153123ccca48fc66c86341044a23c2d9362b15715b1ebb8e1701e4761
analysis_intermediate,data/processed/cosmoshub/baseline_30d/query_checkpoints/0306.jsonl.gz,419,64b2e63c4cb287a276f7da2c531fe9f5bcdead8a5a7ec1b99395a8943378c33b
analysis_intermediate,data/processed/cosmoshub/baseline_30d/query_checkpoints/0307.jsonl.gz,12548,2b7099b2c00095ae6a3c1e83bac97f2d4891f449cb8cc7ab8c9197307da6d66d
analysis_intermediate,data/processed/cosmoshub/baseline_30d/query_checkpoints/0308.jsonl.gz,534,7af2e8f6ceece4b229d417811876320d3427f685ce520c626b7026cae9e38637
analysis_intermediate,data/processed/cosmoshub/baseline_30d/query_checkpoints/0309.jsonl.gz,350,d0efb4395b9037c06b39e776d0a299c739ca9b7efb7959b973f6ae89fd4f4acd
analysis_intermediate,data/processed/cosmoshub/baseline_30d/query_checkpoints/0311.jsonl.gz,561,317a29b9e8243f5a28f28b890081dba699225374b3fd2146ee2d5e7fecf8dc23
analysis_intermediate,data/processed/cosmoshub/baseline_30d/query_checkpoints/0312.jsonl.gz,780,4922453f6a8f21f3f5135d4c844ae9cb7528e2db69a454eb4738af3159f268ea
analysis_intermediate,data/processed/cosmoshub/baseline_30d/query_checkpoints/0313.jsonl.gz,396,197ba362578fe152676c0f1923b34cd567b7c017aa8b3e9ce45b7f16846bff3d
analysis_intermediate,data/processed/cosmoshub/baseline_30d/query_checkpoints/0314.jsonl.gz,507,56476471ebc080d3dd85709235059864c84460247d145829eae969cd15fd3b2f
analysis_intermediate,data/processed/cosmoshub/baseline_30d/query_checkpoints/0315.jsonl.gz,350,61936a33d012ce2215e54eff9b194c4866852b19f94c373fd4642b944af50772
analysis_intermediate,data/processed/cosmoshub/baseline_30d/query_checkpoints/0316.jsonl.gz,849,63821df10d6375dee5aec71d11c3bed45323c4b0cdd7a6e82bd83cc9c88c34d0
analysis_intermediate,data/processed/cosmoshub/baseline_30d/query_checkpoints/0318.jsonl.gz,409,0e13982ce3bc44fb16e90e206523ed276a397c518ec4ce538b4be230fa4b072b
analysis_intermediate,data/processed/cosmoshub/baseline_30d/query_checkpoints/0319.jsonl.gz,480,0dde8a90674c5eaa5bb98d55f80e03bbbf4a5fec5c651e914cdb5c69e810a0e6
analysis_intermediate,data/processed/cosmoshub/baseline_30d/query_checkpoints/0320.jsonl.gz,3472,825f77c2112e2970f154c20ddd7b60bdb8a64549e4b9d794edd6bd0d34310c37
analysis_intermediate,data/processed/cosmoshub/baseline_30d/query_checkpoints/0321.jsonl.gz,556,a91e55edfbaafe0811da10645b616f85ae8fe2c9bac12964118bf3e4d1f54451
analysis_intermediate,data/processed/cosmoshub/baseline_30d/query_checkpoints/0322.jsonl.gz,349,0a57f5f781720f3454eb020594a96369305aab7a0e7cd500e5e57c19ea609ce6
analysis_intermediate,data/processed/cosmoshub/baseline_30d/query_checkpoints/0323.jsonl.gz,838,460280a20a869c045d023b36c09060f93096312b940d3909da24db5245140ec7
analysis_intermediate,data/processed/cosmoshub/baseline_30d/query_checkpoints/0324.jsonl.gz,376,cf7c271ef7c1938c85630afc14201132e9e4dadd7dab0e50441f82ddf641d27d
analysis_intermediate,data/processed/cosmoshub/baseline_30d/query_checkpoints/0325.jsonl.gz,397,27b961b3f53bc69cf316df4696d60896700864ba9a7f265ecd57932f1e18adff
analysis_intermediate,data/processed/cosmoshub/baseline_30d/query_checkpoints/0326.jsonl.gz,500,e3f727c8dc724b0e8f22873080886c2603fb348d77275047d2bfda951b301ebb
analysis_intermediate,data/processed/cosmoshub/baseline_30d/query_checkpoints/0327.jsonl.gz,689,54c22335257ff10c54738c38d9798e0dbfcaf115d50f783089c192202c419acb
analysis_intermediate,data/processed/cosmoshub/baseline_30d/query_checkpoints/0328.jsonl.gz,349,1ef76fdef8fff0deb13335837a6e194d478aa9cbc18c0c4662e9641bb1c8d88d
analysis_intermediate,data/processed/cosmoshub/baseline_30d/query_checkpoints/0329.jsonl.gz,9403,8d0b28eb15d103297146405bd192bbd73b2f76ec44ab8aae03759e51d5d2dc4b
analysis_intermediate,data/processed/cosmoshub/baseline_30d/query_checkpoints/0330.jsonl.gz,414,55bf0b3162ac094d3c8116c7aba72d96641c1367d97f2b76479961f955ca4d97
analysis_intermediate,data/processed/cosmoshub/baseline_30d/query_checkpoints/0331.jsonl.gz,581,89382e27a14bd50958cdb32dffdc2ad312141c7e1912286689bc735fdd5e0d30
analysis_intermediate,data/processed/cosmoshub/baseline_30d/query_checkpoints/0332.jsonl.gz,480,c39bdb6b7139d531a96f23781429da22746e1399a2a1e8e47bdd37cc097d26c0
analysis_intermediate,data/processed/cosmoshub/baseline_30d/query_checkpoints/0333.jsonl.gz,582,4404007e1b92d8693fc03366002d44042b171ea5d8ca7422b7d5d55653c2f2c7
analysis_intermediate,data/processed/cosmoshub/baseline_30d/query_checkpoints/0334.jsonl.gz,678,ef5812285dc923f07b30ae6e988d1c61a81d8c75be9d0ee5f3fc23c3698635dc
analysis_intermediate,data/processed/cosmoshub/baseline_30d/query_checkpoints/0335.jsonl.gz,412,7a8875a5f0739f933877734323ff90708ccf9af5642d04e1c219214dfd6337e5
analysis_intermediate,data/processed/cosmoshub/baseline_30d/query_checkpoints/0336.jsonl.gz,348,84d8549adbd261e4d6ef897416375c8ab61e500f6d3d15efb3f7a2030d6a05dc
analysis_intermediate,data/processed/cosmoshub/baseline_30d/query_checkpoints/0337.jsonl.gz,395,6ac17e5779dce6274cb46c72fa2ca5dd0001052a0711b001981108824cc3518e
analysis_intermediate,data/processed/cosmoshub/baseline_30d/query_checkpoints/0338.jsonl.gz,397,06aab890c216b013c19009c137b4bfd2616d7069d8fcb710f6af78ce1a687b8b
analysis_intermediate,data/processed/cosmoshub/baseline_30d/query_checkpoints/0339.jsonl.gz,1714,6989d4fea934186870f0c6ce1da424eca38647cd75bec88eceaea8aae76b7293
analysis_intermediate,data/processed/cosmoshub/baseline_30d/query_checkpoints/0340.jsonl.gz,3783,c55354423f07bc59f87593146096d41e91e1df80b6f04b24df19dc871a35da89
analysis_intermediate,data/processed/cosmoshub/baseline_30d/query_checkpoints/0341.jsonl.gz,412,81addd93aebdf341c588edd49097a17eb2b986ee288c21216c67fa095f87e74c
analysis_intermediate,data/processed/cosmoshub/baseline_30d/query_checkpoints/0342.jsonl.gz,351,d10094974fc94277ab3f072ab08d33a7f48b7ead874df0cdd23a537ffcc97824
analysis_intermediate,data/processed/cosmoshub/baseline_30d/query_checkpoints/0343.jsonl.gz,351,4c1d1355951038cd7c14aece94a87ea13478496681c4b9d28dac604ede33ca5d
analysis_intermediate,data/processed/cosmoshub/baseline_30d/query_checkpoints/0344.jsonl.gz,349,5ec147217ce24210f7e6ba842fbc7c6e14c081c01c7492c179a4d86840348ac6
analysis_intermediate,data/processed/cosmoshub/baseline_30d/query_checkpoints/0345.jsonl.gz,350,b60d98a666e90ba565d168dc6fc78b51d39c2ce9ddc05b4820c5a89acb40bd14
analysis_intermediate,data/processed/cosmoshub/baseline_30d/query_checkpoints/0347.jsonl.gz,3556,39d26e10f8a068f7c547f66f75aea26ac9551cb4c9fe76714749c41d16fd8548
analysis_intermediate,data/processed/cosmoshub/baseline_30d/query_checkpoints/0348.jsonl.gz,2052,6296b28b193867fe2a8f1748f860a1b6d27ff68faee6664391142aaafc055cb3
analysis_intermediate,data/processed/cosmoshub/baseline_30d/query_checkpoints/0349.jsonl.gz,494,beac9571de5d0bd9f978a97775a7a363bd01f4abd5aed9cc7e844be102abccb5
analysis_intermediate,data/processed/cosmoshub/baseline_30d/query_checkpoints/0350.jsonl.gz,420,b7a3651ce6147969162ec6cbec4f13d36a8a2e2230328f55d2f532b19d07880a
analysis_intermediate,data/processed/cosmoshub/baseline_30d/query_checkpoints/0352.jsonl.gz,352,a25dd1c5378e85b449428081fcd81d6ba178dcea659feda255bdc2fe26d4f322
analysis_intermediate,data/processed/cosmoshub/baseline_30d/query_checkpoints/0353.jsonl.gz,418,a9eb9d652784d4379501233ee4bf4d8ff6fd9dad7eea5bc825a7344fe9f07672
analysis_intermediate,data/processed/cosmoshub/baseline_30d/query_checkpoints/0354.jsonl.gz,1505,eba1ad2c031e10e8fac286c46a36a11daf541583606d5c8a27011fb38e9a4b45
analysis_intermediate,data/processed/cosmoshub/baseline_30d/query_checkpoints/0355.jsonl.gz,386,9be9f1794bb29559972550e05cf1fe2a13d923e7092dfcb3b7c741a94d62715d
analysis_intermediate,data/processed/cosmoshub/baseline_30d/query_checkpoints/0356.jsonl.gz,19485,d06d246405ad50a6e8dd4754bb0f94f95785cb3514f6b2ca9024123e275a2a50
analysis_intermediate,data/processed/cosmoshub/baseline_30d/query_checkpoints/0357.jsonl.gz,32423,18191b7bed3ce8d1a28293478f26e2e4c6b0c2a6dc7fab71315b77cae104c65a
analysis_intermediate,data/processed/cosmoshub/baseline_30d/query_checkpoints/0358.jsonl.gz,872,9bb260ba7ce68a18b199a7255a72388c0458c332f216f259235dcbf124b5508d
analysis_intermediate,data/processed/cosmoshub/baseline_30d/query_checkpoints/0359.jsonl.gz,12614,8602134b322ed9d072f1858600b8514f404f87629be343c13cc5bd8fd765011e
analysis_intermediate,data/processed/cosmoshub/baseline_30d/query_checkpoints/0360.jsonl.gz,3072,5ea5c8b86402e6b3a828657c4b0dfe7b3ffafebf558f0de865a5545d84ed6332
analysis_intermediate,data/processed/cosmoshub/baseline_30d/query_checkpoints/0361.jsonl.gz,3325,fbff0cacc501f7a2031ba4281c3e50dba59cb765c4f92d5faac34020655b5b58
analysis_intermediate,data/processed/cosmoshub/baseline_30d/query_checkpoints/0362.jsonl.gz,2989,27f0bcc024b0d78672aede1ea1e70ae9d093e5e003c1166d6d82017cac93b166
analysis_intermediate,data/processed/cosmoshub/baseline_30d/query_checkpoints/0363.jsonl.gz,3230,eaa5c5a738d9d6146fcbc0463d48942958d71f94a70430c77fcbd88299cd4363
analysis_intermediate,data/processed/cosmoshub/baseline_30d/query_checkpoints/0364.jsonl.gz,3064,952c00f509366815337f291c91f6daa46e1884af59cb75482fb632db9d9fa85c
analysis_intermediate,data/processed/cosmoshub/baseline_30d/query_checkpoints/0365.jsonl.gz,3161,75a06862b9abd46a47de94f4c78db8f11206229881775f4b87f7efec1541397c
analysis_intermediate,data/processed/cosmoshub/baseline_30d/query_checkpoints/0366.jsonl.gz,2975,75099dbae0af7d598eaa131749208a16d1cdb22425d743972f9caa84b4580106
analysis_intermediate,data/processed/cosmoshub/baseline_30d/query_checkpoints/0367.jsonl.gz,3303,b43ab18400ec0a2622c6111d446a4faa86066f56add6c3d5aef586da785f26f1
analysis_intermediate,data/processed/cosmoshub/baseline_30d/query_checkpoints/0368.jsonl.gz,3093,552584c82983682f67b0975283f785ad0a2dbb865806bb85078946fd3d2fd6dd
analysis_intermediate,data/processed/cosmoshub/baseline_30d/query_checkpoints/0369.jsonl.gz,3252,9ddff982f8833db5a3b724fad4b251c0d30ca7d3ca9dfb2f617e6792620ee640
analysis_intermediate,data/processed/cosmoshub/baseline_30d/query_checkpoints/0370.jsonl.gz,2991,cf4ef480fe3a30251bf28f668e50a33349eec32ff0019605e8ba08652ab85b99
analysis_intermediate,data/processed/cosmoshub/baseline_30d/query_checkpoints/0371.jsonl.gz,3234,2aa285f4a69355e926def24f923df756f40256f99d059b247ba794b1c701f083
analysis_intermediate,data/processed/cosmoshub/baseline_30d/query_checkpoints/0372.jsonl.gz,3036,6458afe41fa057c96bee676d0db2995b5998ead4559c8a8bcc2c7e2afb8fd00d
analysis_intermediate,data/processed/cosmoshub/baseline_30d/query_checkpoints/0373.jsonl.gz,3300,3daad08f0ab5dcccc433e7acd242b9371c58566444eaca8af69cf9e1583a4b2d
analysis_intermediate,data/processed/cosmoshub/baseline_30d/query_checkpoints/0374.jsonl.gz,3044,e04e8f380469b0859b9d08b42a14390a2aae650ccf2454a09da6f090ae794eab
analysis_intermediate,data/processed/cosmoshub/baseline_30d/query_checkpoints/0375.jsonl.gz,3239,34067aefdaa5a59fbb3a4cc93bb1e9408d81c7e0efc8edc58d90015b0ddb2357
analysis_intermediate,data/processed/cosmoshub/baseline_30d/query_checkpoints/0376.jsonl.gz,3056,da197e227173c27efdee92fddc5a7d9c87ef460501ef6e3467539bfebae2a3f8
analysis_intermediate,data/processed/cosmoshub/baseline_30d/query_checkpoints/0377.jsonl.gz,3287,7680df96dae8c63a9317f654c7a222012613b5c71e24f35099ec0490948f6010
analysis_intermediate,data/processed/cosmoshub/baseline_30d/query_checkpoints/0378.jsonl.gz,3061,5b70e057f078e62643e905dd3a5ae2741d6fdeac4b9dbcc563b20c4bdfe74e16
analysis_intermediate,data/processed/cosmoshub/baseline_30d/query_checkpoints/0379.jsonl.gz,3237,c352f5c51c835b96f0d5c46eea1422298fdfa21520b0d0b2460a6d691eedd798
analysis_intermediate,data/processed/cosmoshub/baseline_30d/query_checkpoints/0380.jsonl.gz,3156,6bf57a9e148a41e9cadec2ef5bece3042fbbced9b0a6192726019a832c8fdaf1
analysis_intermediate,data/processed/cosmoshub/baseline_30d/query_checkpoints/0381.jsonl.gz,3206,fc83f5b08c8e30918cdc05449550502a93c6b276f75b2ec83bc9aa14bf7ef3bd
analysis_intermediate,data/processed/cosmoshub/baseline_30d/query_checkpoints/0382.jsonl.gz,3174,527bbeffb0bd1402401c2a2ec0967fd3ee7dd875d2557be5230d7a15393f1b51
analysis_intermediate,data/processed/cosmoshub/baseline_30d/query_checkpoints/0383.jsonl.gz,3233,f1076106f8649982a9a52520263668df3cfd2a767a4f710db5286794a9582363
analysis_intermediate,data/processed/cosmoshub/baseline_30d/query_checkpoints/0384.jsonl.gz,3400,4609736a1c9c596bb2a0ebfaa60eb469580a8e20481268c21bf043e5b7ad371f
analysis_intermediate,data/processed/cosmoshub/baseline_30d/query_checkpoints/0385.jsonl.gz,3427,5e04d0e6f15680dab647897f5d6603da3b3d9657f9effb3aef54433b42570c97
analysis_intermediate,data/processed/cosmoshub/baseline_30d/query_checkpoints/0386.jsonl.gz,3251,f6378ba3179eb1c2792aed02a20dc0e5e07affa9627492aa44b45b20010fe3f4
analysis_intermediate,data/processed/cosmoshub/baseline_30d/query_checkpoints/0387.jsonl.gz,3192,8d97f4e1941273057b533c4adfc5b4f5853487e1ec7893b1a8cd7a05cb69ad21
analysis_intermediate,data/processed/cosmoshub/baseline_30d/query_checkpoints/0388.jsonl.gz,3131,42ec1f5f249eb8ae59c94bd2d56502bb84d7a5e110bcc240f0b8f243edc43415
analysis_intermediate,data/processed/cosmoshub/baseline_30d/query_checkpoints/0389.jsonl.gz,3203,c90e5136cfefea81c4772c63d215d8d05d116e16f0edc632cdd2eb40cd3ff480
analysis_intermediate,data/processed/cosmoshub/baseline_30d/query_checkpoints/0390.jsonl.gz,3207,716641b7392a49bbbe41c525aa555bd15db3d0bcc232c8cd3546ab0f8da8748c
analysis_intermediate,data/processed/cosmoshub/baseline_30d/query_checkpoints/0391.jsonl.gz,3331,ef28e60a817e6bfa8cbf5fa84c5fa0110013a9a367668fe41674bf9387e2ee52
analysis_intermediate,data/processed/cosmoshub/baseline_30d/query_checkpoints/0392.jsonl.gz,3036,bd2bc76c32572d902cd79a17b7f4c3dff37da4f336a27ec8f0a0fb05b1833ce9
analysis_intermediate,data/processed/cosmoshub/baseline_30d/query_checkpoints/0393.jsonl.gz,3245,881afc93ea9fa1390f1040a9b207b15e7522a8a663c74f028c5968765212ac61
analysis_intermediate,data/processed/cosmoshub/baseline_30d/query_checkpoints/0394.jsonl.gz,2966,ab16e5242082af22625c54ad786cfe948d1f4499363ea96aafd6f8af882bb1a0
analysis_intermediate,data/processed/cosmoshub/baseline_30d/query_checkpoints/0395.jsonl.gz,3182,92db683ce5be6e107a1131021fbb5146e0f30c460abd301d88f6661485727ee0
analysis_intermediate,data/processed/cosmoshub/baseline_30d/query_checkpoints/0396.jsonl.gz,3008,de15983bfec32c87254798067308c4515572ece3bc5c75c5ed33d91813a940fa
analysis_intermediate,data/processed/cosmoshub/baseline_30d/query_checkpoints/0397.jsonl.gz,3313,527c0d6edb696f74a6c0f86df73c0a11dde0bb8c9ae1edfc3fca7eedc4affc3c
analysis_intermediate,data/processed/cosmoshub/baseline_30d/query_checkpoints/0398.jsonl.gz,3098,edd54736a184c12c7eded415d8d40b61a188a7c07a69c89452b9618508570c5c
analysis_intermediate,data/processed/cosmoshub/baseline_30d/query_checkpoints/0399.jsonl.gz,3330,23548537e8641e3625c967b2ff36b93776e2031a3e915f6f57973acf1887b21d
analysis_intermediate,data/processed/cosmoshub/baseline_30d/query_checkpoints/0400.jsonl.gz,3153,6721dd61d0eba5149f7d5f8791ce479e23e100c46b859d187cafbc89b6775b7d
analysis_intermediate,data/processed/cosmoshub/baseline_30d/query_checkpoints/0401.jsonl.gz,3391,0cb9139cfd7734e9d03ec92b3cce6bb9c021c28cc7deea1fa711c405d61ccf8e
analysis_intermediate,data/processed/cosmoshub/baseline_30d/query_checkpoints/0402.jsonl.gz,3423,317b3f15ebe6e09c82853832f136e0df478de612f28e0a2d81ef6e76c1a866a8
analysis_intermediate,data/processed/cosmoshub/baseline_30d/query_checkpoints/0403.jsonl.gz,3749,9b8af8fa8fcb0c3ed845811d07a5018f115c6b894aae42fa6cd8574dd89b57c8
analysis_intermediate,data/processed/cosmoshub/baseline_30d/query_checkpoints/0404.jsonl.gz,3299,7cecdbb2f20b025db54940618456424f4629d61d681d8295aaf5cbc72d2fcd22
analysis_intermediate,data/processed/cosmoshub/baseline_30d/query_checkpoints/0405.jsonl.gz,3656,ffec121667da8fad4e81f614dfe38e5b08b0c47619035e365d6af0996baa0e3d
analysis_intermediate,data/processed/cosmoshub/baseline_30d/query_checkpoints/0406.jsonl.gz,3193,019845b8bf2af0c2fa21a1eab829a5ce1847ee3e9615dfbc266357457bdbe462
analysis_intermediate,data/processed/cosmoshub/baseline_30d/query_checkpoints/0407.jsonl.gz,3477,b328176e9210f26daf523159010b2f309c40bbb9bdedc4fbcc27ca88bd83040d
analysis_intermediate,data/processed/cosmoshub/baseline_30d/query_checkpoints/0408.jsonl.gz,3211,49e5ab7c2a33c0516691ef66836fc37b1d070960334c5228cef906a90be987bd
analysis_intermediate,data/processed/cosmoshub/baseline_30d/query_checkpoints/0409.jsonl.gz,3406,ec6cd9c73c798f0f37225e263dbeb891f55c79cb7846dfe35ad4e71e2c397d8c
analysis_intermediate,data/processed/cosmoshub/baseline_30d/query_checkpoints/0410.jsonl.gz,3193,4bfb1c7548804935571a8c40417d386b37542f00aaf70c79b4dceadb3672db6e
analysis_intermediate,data/processed/cosmoshub/baseline_30d/query_checkpoints/0411.jsonl.gz,3395,43e8df416344c738338b433de8f35cabb570b5e9422261f5438a42d8b1306d9a
analysis_intermediate,data/processed/cosmoshub/baseline_30d/query_checkpoints/0412.jsonl.gz,3284,13ea04d1943214b9f5dd50052f6d9628ef095cfcd7ed8fc21fe4082478ded1e3
analysis_intermediate,data/processed/cosmoshub/baseline_30d/query_checkpoints/0413.jsonl.gz,3457,90f53b175b041169c68640c5de3d0e109de7ac18dc3b5abf835a042fce2b3532
analysis_intermediate,data/processed/cosmoshub/baseline_30d/query_checkpoints/0414.jsonl.gz,3264,f4452a4b3f2d4342858ab2a359f6ee53f1a145a5cec272d6f1e99ebc6ce00dab
analysis_intermediate,data/processed/cosmoshub/baseline_30d/query_checkpoints/0415.jsonl.gz,3439,8f0c4f3e70b421559eafb9579d3c1fd34b9e1947c231b6fb1bb20b1f78a8c275
analysis_intermediate,data/processed/cosmoshub/baseline_30d/query_checkpoints/0416.jsonl.gz,3059,e821a337b399bd8111120d2a37dd5563225b81aa2f7efefd3c4037d7d31b8455
analysis_intermediate,data/processed/cosmoshub/baseline_30d/query_checkpoints/0417.jsonl.gz,3288,7da334f0b49b90bea006b804c9174aa9c9e93b57a4ce9f2542c1ea5138a116eb
analysis_intermediate,data/processed/cosmoshub/baseline_30d/query_checkpoints/0418.jsonl.gz,3112,59ae577ab101e306a2a492ea8ff49d9025c6e803643cfe4d3a735457acfd1382
analysis_intermediate,data/processed/cosmoshub/baseline_30d/query_checkpoints/0419.jsonl.gz,3304,60644ca593d57c4ba141e7335e6b5173a95c6d74c39f928d3f85fc9499cdb7d7
analysis_intermediate,data/processed/cosmoshub/event_window_flows_2025-10-10_2030-2230_utc.jsonl.gz,1234953,e79d62325b9c8fc54b7716495ff859d9c35ec010ba8c42eba3a83288c5b50564
analysis_intermediate,data/processed/cosmoshub/exchange_inflow_candidates_2025-10-09_2025-10-12.json,860564,6678d0cc3f213542382ca7d5454942eb8413ecdc304f6bf93eab136590a5d107
analysis_intermediate,data/processed/cosmoshub/ibc_receive_evidence_2025-10-09_2025-10-12.jsonl.gz,1853334,68bf739214afe88054441f0a69a24876a6273b873e8fe777c7f8912415a125db
analysis_intermediate,data/processed/cosmoshub/ibc_transfers_2025-10-09_2025-10-12.jsonl.gz,4846665,d32b57afd95c07a5ac8dfd4106b69a8419af96f6c883166548c52f2431517b36
analysis_intermediate,data/processed/event_window/binance_spot_atomusdt_trades_2025-10-10_2115-2125_utc.csv.gz,346205,ea36372d77817b99a6aef24cdbfe71ba671767bf28787dbad441201cd2dc9bd6
