aggregate_trade_id,price,quantity_atom,first_trade_id,last_trade_id,time_utc,buyer_is_maker
176299337,1.688,78.85,254107861,254107861,2025-10-10T21:20:37.689043Z,True
176299338,1.673,152.42,254107862,254107862,2025-10-10T21:20:37.689043Z,True
176299339,1.672,207.37,254107863,254107863,2025-10-10T21:20:37.689043Z,True
176299340,1.671,118.49,254107864,254107864,2025-10-10T21:20:37.689043Z,True
176299341,1.641,121.87,254107865,254107865,2025-10-10T21:20:37.689043Z,True
176299342,1.64,50.0,254107866,254107866,2025-10-10T21:20:37.689043Z,True
176299343,1.62,16.75,254107867,254107867,2025-10-10T21:20:37.689043Z,True
176299344,1.616,39.07,254107868,254107869,2025-10-10T21:20:37.689043Z,True
176299345,1.6,218.12,254107870,254107871,2025-10-10T21:20:37.689043Z,True
176299346,1.587,5.0,254107872,254107872,2025-10-10T21:20:37.689043Z,True
176299347,1.581,3.41,254107873,254107873,2025-10-10T21:20:37.689043Z,True
176299348,1.555,6.43,254107874,254107874,2025-10-10T21:20:37.689043Z,True
176299349,1.548,57.85,254107875,254107875,2025-10-10T21:20:37.689043Z,True
176299350,1.547,179.1,254107876,254107876,2025-10-10T21:20:37.689043Z,True
176299351,1.54,8.13,254107877,254107877,2025-10-10T21:20:37.689043Z,True
176299352,1.529,3.28,254107878,254107878,2025-10-10T21:20:37.689043Z,True
176299353,1.512,3.41,254107879,254107879,2025-10-10T21:20:37.689043Z,True
176299354,1.51,66.22,254107880,254107880,2025-10-10T21:20:37.689043Z,True
176299355,1.5,1844.31,254107881,254107889,2025-10-10T21:20:37.689043Z,True
176299356,1.498,16.68,254107890,254107890,2025-10-10T21:20:37.689043Z,True
176299357,1.485,6.94,254107891,254107891,2025-10-10T21:20:37.689043Z,True
176299358,1.471,12.04,254107892,254107892,2025-10-10T21:20:37.689043Z,True
176299359,1.465,8.13,254107893,254107893,2025-10-10T21:20:37.689043Z,True
176299360,1.44,6.49,254107894,254107894,2025-10-10T21:20:37.689043Z,True
176299361,1.42,50.0,254107895,254107895,2025-10-10T21:20:37.689043Z,True
176299362,1.4,334.39,254107896,254107898,2025-10-10T21:20:37.689043Z,True
176299363,1.396,5.6,254107899,254107899,2025-10-10T21:20:37.689043Z,True
176299364,1.389,8.13,254107900,254107900,2025-10-10T21:20:37.689043Z,True
176299365,1.362,8.81,254107901,254107901,2025-10-10T21:20:37.689043Z,True
176299366,1.353,5.75,254107902,254107902,2025-10-10T21:20:37.689043Z,True
176299367,1.338,4.49,254107903,254107903,2025-10-10T21:20:37.689043Z,True
176299368,1.337,4.19,254107904,254107904,2025-10-10T21:20:37.689043Z,True
176299369,1.333,56.26,254107905,254107905,2025-10-10T21:20:37.689043Z,True
176299370,1.313,8.13,254107906,254107906,2025-10-10T21:20:37.689043Z,True
176299371,1.311,3.91,254107907,254107907,2025-10-10T21:20:37.689043Z,True
176299372,1.3,674.12,254107908,254107910,2025-10-10T21:20:37.689043Z,True
176299373,1.29,5.12,254107911,254107911,2025-10-10T21:20:37.689043Z,True
176299374,1.25,4.0,254107912,254107912,2025-10-10T21:20:37.689043Z,True
176299375,1.238,8.13,254107913,254107913,2025-10-10T21:20:37.689043Z,True
176299376,1.234,5.0,254107914,254107914,2025-10-10T21:20:37.689043Z,True
176299377,1.226,8.16,254107915,254107915,2025-10-10T21:20:37.689043Z,True
176299378,1.21,16.66,254107916,254107916,2025-10-10T21:20:37.689043Z,True
176299379,1.201,4.17,254107917,254107917,2025-10-10T21:20:37.689043Z,True
176299380,1.177,339.82,254107918,254107918,2025-10-10T21:20:37.689043Z,True
176299381,1.162,8.13,254107919,254107919,2025-10-10T21:20:37.689043Z,True
176299382,1.14,100.0,254107920,254107920,2025-10-10T21:20:37.689043Z,True
176299383,1.13,55.37,254107921,254107921,2025-10-10T21:20:37.689043Z,True
176299384,1.1,71.72,254107922,254107924,2025-10-10T21:20:37.689043Z,True
176299385,1.086,8.13,254107925,254107925,2025-10-10T21:20:37.689043Z,True
176299386,1.07,280.37,254107926,254107926,2025-10-10T21:20:37.689043Z,True
176299387,1.031,19.38,254107927,254107927,2025-10-10T21:20:37.689043Z,True
176299388,1.025,8.59,254107928,254107928,2025-10-10T21:20:37.689043Z,True
176299389,1.02,9.81,254107929,254107929,2025-10-10T21:20:37.689043Z,True
176299390,1.011,8.13,254107930,254107930,2025-10-10T21:20:37.689043Z,True
176299391,1.01,99.0,254107931,254107931,2025-10-10T21:20:37.689043Z,True
176299392,1.0,109.87,254107932,254107936,2025-10-10T21:20:37.689043Z,True
176299393,0.99,51.77,254107937,254107937,2025-10-10T21:20:37.689043Z,True
176299394,0.982,152.74,254107938,254107938,2025-10-10T21:20:37.689043Z,True
176299395,0.97,13.81,254107939,254107939,2025-10-10T21:20:37.689043Z,True
176299396,0.92,108.69,254107940,254107940,2025-10-10T21:20:37.689043Z,True
176299397,0.9,156.239,254107941,254107942,2025-10-10T21:20:37.689043Z,True
176299398,0.823,12.16,254107943,254107943,2025-10-10T21:20:37.689043Z,True
176299399,0.82,303.03,254107944,254107944,2025-10-10T21:20:37.689043Z,True
176299400,0.8,12.5,254107945,254107945,2025-10-10T21:20:37.689043Z,True
176299401,0.79,126.58,254107946,254107946,2025-10-10T21:20:37.689043Z,True
176299402,0.78,6.42,254107947,254107947,2025-10-10T21:20:37.689043Z,True
176299403,0.77,500.0,254107948,254107948,2025-10-10T21:20:37.689043Z,True
176299404,0.768,110.68,254107949,254107949,2025-10-10T21:20:37.689043Z,True
176299405,0.24,45.833,254107950,254107950,2025-10-10T21:20:37.689043Z,True
176299406,0.001,2483.658,254107951,254107951,2025-10-10T21:20:37.689043Z,True
176299407,0.001,47.52,254107952,254107952,2025-10-10T21:20:37.689043Z,True
