analysis_id,resolution,sample,x,y,lag_intervals,lag_minutes,correlation,paired_observations
1m_30d_plus_event_day_spot_usdt_return_to_spot_usdc_return,1m,30d_plus_event_day,spot_usdt_return,spot_usdc_return,-5,-5,-0.032357339137776484,44634
1m_30d_plus_event_day_spot_usdt_return_to_spot_usdc_return,1m,30d_plus_event_day,spot_usdt_return,spot_usdc_return,-4,-4,0.08646821979671374,44635
1m_30d_plus_event_day_spot_usdt_return_to_spot_usdc_return,1m,30d_plus_event_day,spot_usdt_return,spot_usdc_return,-3,-3,0.229811256673457,44636
1m_30d_plus_event_day_spot_usdt_return_to_spot_usdc_return,1m,30d_plus_event_day,spot_usdt_return,spot_usdc_return,-2,-2,0.23562691703087582,44637
1m_30d_plus_event_day_spot_usdt_return_to_spot_usdc_return,1m,30d_plus_event_day,spot_usdt_return,spot_usdc_return,-1,-1,0.3022297420670039,44638
1m_30d_plus_event_day_spot_usdt_return_to_spot_usdc_return,1m,30d_plus_event_day,spot_usdt_return,spot_usdc_return,0,0,0.8734669193167249,44639
1m_30d_plus_event_day_spot_usdt_return_to_spot_usdc_return,1m,30d_plus_event_day,spot_usdt_return,spot_usdc_return,1,1,0.24938362698112,44638
1m_30d_plus_event_day_spot_usdt_return_to_spot_usdc_return,1m,30d_plus_event_day,spot_usdt_return,spot_usdc_return,2,2,0.3354756944845006,44637
1m_30d_plus_event_day_spot_usdt_return_to_spot_usdc_return,1m,30d_plus_event_day,spot_usdt_return,spot_usdc_return,3,3,0.25449168964467156,44636
1m_30d_plus_event_day_spot_usdt_return_to_spot_usdc_return,1m,30d_plus_event_day,spot_usdt_return,spot_usdc_return,4,4,0.14307591228457378,44635
1m_30d_plus_event_day_spot_usdt_return_to_spot_usdc_return,1m,30d_plus_event_day,spot_usdt_return,spot_usdc_return,5,5,-0.1387650287107454,44634
1m_30d_plus_event_day_futures_return_to_spot_usdt_return,1m,30d_plus_event_day,futures_return,spot_usdt_return,-5,-5,-0.05147455119520626,44634
1m_30d_plus_event_day_futures_return_to_spot_usdt_return,1m,30d_plus_event_day,futures_return,spot_usdt_return,-4,-4,0.00977775859130712,44635
1m_30d_plus_event_day_futures_return_to_spot_usdt_return,1m,30d_plus_event_day,futures_return,spot_usdt_return,-3,-3,0.17136775308670493,44636
1m_30d_plus_event_day_futures_return_to_spot_usdt_return,1m,30d_plus_event_day,futures_return,spot_usdt_return,-2,-2,0.4124095899663783,44637
1m_30d_plus_event_day_futures_return_to_spot_usdt_return,1m,30d_plus_event_day,futures_return,spot_usdt_return,-1,-1,0.35853651997363034,44638
1m_30d_plus_event_day_futures_return_to_spot_usdt_return,1m,30d_plus_event_day,futures_return,spot_usdt_return,0,0,0.727130836767086,44639
1m_30d_plus_event_day_futures_return_to_spot_usdt_return,1m,30d_plus_event_day,futures_return,spot_usdt_return,1,1,0.46746091732255557,44638
1m_30d_plus_event_day_futures_return_to_spot_usdt_return,1m,30d_plus_event_day,futures_return,spot_usdt_return,2,2,0.2295944786937253,44637
1m_30d_plus_event_day_futures_return_to_spot_usdt_return,1m,30d_plus_event_day,futures_return,spot_usdt_return,3,3,0.25165955114540217,44636
1m_30d_plus_event_day_futures_return_to_spot_usdt_return,1m,30d_plus_event_day,futures_return,spot_usdt_return,4,4,0.11436504418109417,44635
1m_30d_plus_event_day_futures_return_to_spot_usdt_return,1m,30d_plus_event_day,futures_return,spot_usdt_return,5,5,0.06281225823575279,44634
1m_30d_plus_event_day_spot_usdt_return_to_mark_return,1m,30d_plus_event_day,spot_usdt_return,mark_return,-5,-5,0.030818067922776363,44634
1m_30d_plus_event_day_spot_usdt_return_to_mark_return,1m,30d_plus_event_day,spot_usdt_return,mark_return,-4,-4,0.13863947276459945,44635
1m_30d_plus_event_day_spot_usdt_return_to_mark_return,1m,30d_plus_event_day,spot_usdt_return,mark_return,-3,-3,0.23828390638192534,44636
1m_30d_plus_event_day_spot_usdt_return_to_mark_return,1m,30d_plus_event_day,spot_usdt_return,mark_return,-2,-2,0.2120448546551494,44637
1m_30d_plus_event_day_spot_usdt_return_to_mark_return,1m,30d_plus_event_day,spot_usdt_return,mark_return,-1,-1,0.43807767837451034,44638
1m_30d_plus_event_day_spot_usdt_return_to_mark_return,1m,30d_plus_event_day,spot_usdt_return,mark_return,0,0,0.7947938624765615,44639
1m_30d_plus_event_day_spot_usdt_return_to_mark_return,1m,30d_plus_event_day,spot_usdt_return,mark_return,1,1,0.3134656304891718,44638
1m_30d_plus_event_day_spot_usdt_return_to_mark_return,1m,30d_plus_event_day,spot_usdt_return,mark_return,2,2,0.4109022167433745,44637
1m_30d_plus_event_day_spot_usdt_return_to_mark_return,1m,30d_plus_event_day,spot_usdt_return,mark_return,3,3,0.22015034441585243,44636
1m_30d_plus_event_day_spot_usdt_return_to_mark_return,1m,30d_plus_event_day,spot_usdt_return,mark_return,4,4,0.012720255746898966,44635
1m_30d_plus_event_day_spot_usdt_return_to_mark_return,1m,30d_plus_event_day,spot_usdt_return,mark_return,5,5,-0.0977655955756569,44634
1m_30d_plus_event_day_spot_trade_activity_to_spot_range_stress,1m,30d_plus_event_day,spot_trade_activity,spot_range_stress,-5,-5,0.04737125443014851,44635
1m_30d_plus_event_day_spot_trade_activity_to_spot_range_stress,1m,30d_plus_event_day,spot_trade_activity,spot_range_stress,-4,-4,0.05141771790162094,44636
1m_30d_plus_event_day_spot_trade_activity_to_spot_range_stress,1m,30d_plus_event_day,spot_trade_activity,spot_range_stress,-3,-3,0.051641154458073074,44637
1m_30d_plus_event_day_spot_trade_activity_to_spot_range_stress,1m,30d_plus_event_day,spot_trade_activity,spot_range_stress,-2,-2,0.05004431073988015,44638
1m_30d_plus_event_day_spot_trade_activity_to_spot_range_stress,1m,30d_plus_event_day,spot_trade_activity,spot_range_stress,-1,-1,0.04978334896539871,44639
1m_30d_plus_event_day_spot_trade_activity_to_spot_range_stress,1m,30d_plus_event_day,spot_trade_activity,spot_range_stress,0,0,0.05610335891875217,44640
1m_30d_plus_event_day_spot_trade_activity_to_spot_range_stress,1m,30d_plus_event_day,spot_trade_activity,spot_range_stress,1,1,0.04964166791275715,44639
1m_30d_plus_event_day_spot_trade_activity_to_spot_range_stress,1m,30d_plus_event_day,spot_trade_activity,spot_range_stress,2,2,0.04991473667150225,44638
1m_30d_plus_event_day_spot_trade_activity_to_spot_range_stress,1m,30d_plus_event_day,spot_trade_activity,spot_range_stress,3,3,0.052926781463514316,44637
1m_30d_plus_event_day_spot_trade_activity_to_spot_range_stress,1m,30d_plus_event_day,spot_trade_activity,spot_range_stress,4,4,0.05232447498483966,44636
1m_30d_plus_event_day_spot_trade_activity_to_spot_range_stress,1m,30d_plus_event_day,spot_trade_activity,spot_range_stress,5,5,0.052094063177258135,44635
1m_30d_plus_event_day_usdt_vs_usdc_low_discount_to_spot_range_stress,1m,30d_plus_event_day,usdt_vs_usdc_low_discount,spot_range_stress,-5,-5,0.009097753470228807,44635
1m_30d_plus_event_day_usdt_vs_usdc_low_discount_to_spot_range_stress,1m,30d_plus_event_day,usdt_vs_usdc_low_discount,spot_range_stress,-4,-4,0.022235454595524725,44636
1m_30d_plus_event_day_usdt_vs_usdc_low_discount_to_spot_range_stress,1m,30d_plus_event_day,usdt_vs_usdc_low_discount,spot_range_stress,-3,-3,0.04115362284239535,44637
1m_30d_plus_event_day_usdt_vs_usdc_low_discount_to_spot_range_stress,1m,30d_plus_event_day,usdt_vs_usdc_low_discount,spot_range_stress,-2,-2,0.03247286579706999,44638
1m_30d_plus_event_day_usdt_vs_usdc_low_discount_to_spot_range_stress,1m,30d_plus_event_day,usdt_vs_usdc_low_discount,spot_range_stress,-1,-1,0.11216523911511492,44639
1m_30d_plus_event_day_usdt_vs_usdc_low_discount_to_spot_range_stress,1m,30d_plus_event_day,usdt_vs_usdc_low_discount,spot_range_stress,0,0,0.996103590690586,44640
1m_30d_plus_event_day_usdt_vs_usdc_low_discount_to_spot_range_stress,1m,30d_plus_event_day,usdt_vs_usdc_low_discount,spot_range_stress,1,1,0.13936356817536952,44639
1m_30d_plus_event_day_usdt_vs_usdc_low_discount_to_spot_range_stress,1m,30d_plus_event_day,usdt_vs_usdc_low_discount,spot_range_stress,2,2,0.03168597769715831,44638
1m_30d_plus_event_day_usdt_vs_usdc_low_discount_to_spot_range_stress,1m,30d_plus_event_day,usdt_vs_usdc_low_discount,spot_range_stress,3,3,0.041311120364269635,44637
1m_30d_plus_event_day_usdt_vs_usdc_low_discount_to_spot_range_stress,1m,30d_plus_event_day,usdt_vs_usdc_low_discount,spot_range_stress,4,4,0.010565177091293721,44636
1m_30d_plus_event_day_usdt_vs_usdc_low_discount_to_spot_range_stress,1m,30d_plus_event_day,usdt_vs_usdc_low_discount,spot_range_stress,5,5,0.00876630820664695,44635
1m_event_local_4h_spot_usdt_return_to_spot_usdc_return,1m,event_local_4h,spot_usdt_return,spot_usdc_return,-5,-5,-0.038605392118845915,235
1m_event_local_4h_spot_usdt_return_to_spot_usdc_return,1m,event_local_4h,spot_usdt_return,spot_usdc_return,-4,-4,0.0976655597876492,236
1m_event_local_4h_spot_usdt_return_to_spot_usdc_return,1m,event_local_4h,spot_usdt_return,spot_usdc_return,-3,-3,0.25850153644726254,237
1m_event_local_4h_spot_usdt_return_to_spot_usdc_return,1m,event_local_4h,spot_usdt_return,spot_usdc_return,-2,-2,0.26474054830793947,238
1m_event_local_4h_spot_usdt_return_to_spot_usdc_return,1m,event_local_4h,spot_usdt_return,spot_usdc_return,-1,-1,0.34292943595944575,239
1m_event_local_4h_spot_usdt_return_to_spot_usdc_return,1m,event_local_4h,spot_usdt_return,spot_usdc_return,0,0,0.8810072913486027,240
1m_event_local_4h_spot_usdt_return_to_spot_usdc_return,1m,event_local_4h,spot_usdt_return,spot_usdc_return,1,1,0.2666678849825653,239
1m_event_local_4h_spot_usdt_return_to_spot_usdc_return,1m,event_local_4h,spot_usdt_return,spot_usdc_return,2,2,0.3780376156106387,238
1m_event_local_4h_spot_usdt_return_to_spot_usdc_return,1m,event_local_4h,spot_usdt_return,spot_usdc_return,3,3,0.2880201951116597,237
1m_event_local_4h_spot_usdt_return_to_spot_usdc_return,1m,event_local_4h,spot_usdt_return,spot_usdc_return,4,4,0.16170318926493,236
1m_event_local_4h_spot_usdt_return_to_spot_usdc_return,1m,event_local_4h,spot_usdt_return,spot_usdc_return,5,5,-0.16009981460932268,235
1m_event_local_4h_futures_return_to_spot_usdt_return,1m,event_local_4h,futures_return,spot_usdt_return,-5,-5,-0.06119157206493826,235
1m_event_local_4h_futures_return_to_spot_usdt_return,1m,event_local_4h,futures_return,spot_usdt_return,-4,-4,0.01022484120988322,236
1m_event_local_4h_futures_return_to_spot_usdt_return,1m,event_local_4h,futures_return,spot_usdt_return,-3,-3,0.19295914580074283,237
1m_event_local_4h_futures_return_to_spot_usdt_return,1m,event_local_4h,futures_return,spot_usdt_return,-2,-2,0.47234769979151253,238
1m_event_local_4h_futures_return_to_spot_usdt_return,1m,event_local_4h,futures_return,spot_usdt_return,-1,-1,0.4144261461786058,239
1m_event_local_4h_futures_return_to_spot_usdt_return,1m,event_local_4h,futures_return,spot_usdt_return,0,0,0.6987044869021353,240
1m_event_local_4h_futures_return_to_spot_usdt_return,1m,event_local_4h,futures_return,spot_usdt_return,1,1,0.5312938175557341,239
1m_event_local_4h_futures_return_to_spot_usdt_return,1m,event_local_4h,futures_return,spot_usdt_return,2,2,0.2620526054648957,238
1m_event_local_4h_futures_return_to_spot_usdt_return,1m,event_local_4h,futures_return,spot_usdt_return,3,3,0.28508294399091033,237
1m_event_local_4h_futures_return_to_spot_usdt_return,1m,event_local_4h,futures_return,spot_usdt_return,4,4,0.13050090754381746,236
1m_event_local_4h_futures_return_to_spot_usdt_return,1m,event_local_4h,futures_return,spot_usdt_return,5,5,0.07020087471721208,235
1m_event_local_4h_spot_usdt_return_to_mark_return,1m,event_local_4h,spot_usdt_return,mark_return,-5,-5,0.03290499132486796,235
1m_event_local_4h_spot_usdt_return_to_mark_return,1m,event_local_4h,spot_usdt_return,mark_return,-4,-4,0.1580711573591314,236
1m_event_local_4h_spot_usdt_return_to_mark_return,1m,event_local_4h,spot_usdt_return,mark_return,-3,-3,0.26932431988859135,237
1m_event_local_4h_spot_usdt_return_to_mark_return,1m,event_local_4h,spot_usdt_return,mark_return,-2,-2,0.24099829582105423,238
1m_event_local_4h_spot_usdt_return_to_mark_return,1m,event_local_4h,spot_usdt_return,mark_return,-1,-1,0.49883092961419984,239
1m_event_local_4h_spot_usdt_return_to_mark_return,1m,event_local_4h,spot_usdt_return,mark_return,0,0,0.7744237177539715,240
1m_event_local_4h_spot_usdt_return_to_mark_return,1m,event_local_4h,spot_usdt_return,mark_return,1,1,0.3580289265056264,239
1m_event_local_4h_spot_usdt_return_to_mark_return,1m,event_local_4h,spot_usdt_return,mark_return,2,2,0.47169965484403076,238
1m_event_local_4h_spot_usdt_return_to_mark_return,1m,event_local_4h,spot_usdt_return,mark_return,3,3,0.24912433199626913,237
1m_event_local_4h_spot_usdt_return_to_mark_return,1m,event_local_4h,spot_usdt_return,mark_return,4,4,0.01350802289398844,236
1m_event_local_4h_spot_usdt_return_to_mark_return,1m,event_local_4h,spot_usdt_return,mark_return,5,5,-0.11443423899550018,235
1m_event_local_4h_spot_trade_activity_to_spot_range_stress,1m,event_local_4h,spot_trade_activity,spot_range_stress,-5,-5,0.07407577560486144,235
1m_event_local_4h_spot_trade_activity_to_spot_range_stress,1m,event_local_4h,spot_trade_activity,spot_range_stress,-4,-4,0.06727222260257217,236
1m_event_local_4h_spot_trade_activity_to_spot_range_stress,1m,event_local_4h,spot_trade_activity,spot_range_stress,-3,-3,0.0771776792226623,237
1m_event_local_4h_spot_trade_activity_to_spot_range_stress,1m,event_local_4h,spot_trade_activity,spot_range_stress,-2,-2,0.07623436939185893,238
1m_event_local_4h_spot_trade_activity_to_spot_range_stress,1m,event_local_4h,spot_trade_activity,spot_range_stress,-1,-1,0.06839250783805,239
1m_event_local_4h_spot_trade_activity_to_spot_range_stress,1m,event_local_4h,spot_trade_activity,spot_range_stress,0,0,0.07406322227499461,240
1m_event_local_4h_spot_trade_activity_to_spot_range_stress,1m,event_local_4h,spot_trade_activity,spot_range_stress,1,1,0.06604656959757478,239
1m_event_local_4h_spot_trade_activity_to_spot_range_stress,1m,event_local_4h,spot_trade_activity,spot_range_stress,2,2,0.07696047827849099,238
1m_event_local_4h_spot_trade_activity_to_spot_range_stress,1m,event_local_4h,spot_trade_activity,spot_range_stress,3,3,0.1005060599925082,237
1m_event_local_4h_spot_trade_activity_to_spot_range_stress,1m,event_local_4h,spot_trade_activity,spot_range_stress,4,4,0.11237125864257544,236
1m_event_local_4h_spot_trade_activity_to_spot_range_stress,1m,event_local_4h,spot_trade_activity,spot_range_stress,5,5,0.11593484380895275,235
1m_event_local_4h_usdt_vs_usdc_low_discount_to_spot_range_stress,1m,event_local_4h,usdt_vs_usdc_low_discount,spot_range_stress,-5,-5,0.00023484823613591782,235
1m_event_local_4h_usdt_vs_usdc_low_discount_to_spot_range_stress,1m,event_local_4h,usdt_vs_usdc_low_discount,spot_range_stress,-4,-4,0.0135309138282839,236
1m_event_local_4h_usdt_vs_usdc_low_discount_to_spot_range_stress,1m,event_local_4h,usdt_vs_usdc_low_discount,spot_range_stress,-3,-3,0.03261482411184098,237
1m_event_local_4h_usdt_vs_usdc_low_discount_to_spot_range_stress,1m,event_local_4h,usdt_vs_usdc_low_discount,spot_range_stress,-2,-2,0.023886217392391454,238
1m_event_local_4h_usdt_vs_usdc_low_discount_to_spot_range_stress,1m,event_local_4h,usdt_vs_usdc_low_discount,spot_range_stress,-1,-1,0.10440511383766951,239
1m_event_local_4h_usdt_vs_usdc_low_discount_to_spot_range_stress,1m,event_local_4h,usdt_vs_usdc_low_discount,spot_range_stress,0,0,0.9971584606820793,240
1m_event_local_4h_usdt_vs_usdc_low_discount_to_spot_range_stress,1m,event_local_4h,usdt_vs_usdc_low_discount,spot_range_stress,1,1,0.13188988945569433,239
1m_event_local_4h_usdt_vs_usdc_low_discount_to_spot_range_stress,1m,event_local_4h,usdt_vs_usdc_low_discount,spot_range_stress,2,2,0.023126245447594063,238
1m_event_local_4h_usdt_vs_usdc_low_discount_to_spot_range_stress,1m,event_local_4h,usdt_vs_usdc_low_discount,spot_range_stress,3,3,0.032758962455210844,237
1m_event_local_4h_usdt_vs_usdc_low_discount_to_spot_range_stress,1m,event_local_4h,usdt_vs_usdc_low_discount,spot_range_stress,4,4,0.0016946689870231352,236
1m_event_local_4h_usdt_vs_usdc_low_discount_to_spot_range_stress,1m,event_local_4h,usdt_vs_usdc_low_discount,spot_range_stress,5,5,-0.0001598507339862756,235
5m_30d_plus_event_day_confirmed_exchange_in_atom_to_spot_range_stress,5m,30d_plus_event_day,confirmed_exchange_in_atom,spot_range_stress,-12,-60,0.027352189855455556,8916
5m_30d_plus_event_day_confirmed_exchange_in_atom_to_spot_range_stress,5m,30d_plus_event_day,confirmed_exchange_in_atom,spot_range_stress,-11,-55,0.01469692163070888,8917
5m_30d_plus_event_day_confirmed_exchange_in_atom_to_spot_range_stress,5m,30d_plus_event_day,confirmed_exchange_in_atom,spot_range_stress,-10,-50,0.016348094628408538,8918
5m_30d_plus_event_day_confirmed_exchange_in_atom_to_spot_range_stress,5m,30d_plus_event_day,confirmed_exchange_in_atom,spot_range_stress,-9,-45,0.01648616640846286,8919
5m_30d_plus_event_day_confirmed_exchange_in_atom_to_spot_range_stress,5m,30d_plus_event_day,confirmed_exchange_in_atom,spot_range_stress,-8,-40,0.010399113530963289,8920
5m_30d_plus_event_day_confirmed_exchange_in_atom_to_spot_range_stress,5m,30d_plus_event_day,confirmed_exchange_in_atom,spot_range_stress,-7,-35,0.022436290597623698,8921
5m_30d_plus_event_day_confirmed_exchange_in_atom_to_spot_range_stress,5m,30d_plus_event_day,confirmed_exchange_in_atom,spot_range_stress,-6,-30,0.019959289261113837,8922
5m_30d_plus_event_day_confirmed_exchange_in_atom_to_spot_range_stress,5m,30d_plus_event_day,confirmed_exchange_in_atom,spot_range_stress,-5,-25,0.019980085830794327,8923
5m_30d_plus_event_day_confirmed_exchange_in_atom_to_spot_range_stress,5m,30d_plus_event_day,confirmed_exchange_in_atom,spot_range_stress,-4,-20,0.018818052684773753,8924
5m_30d_plus_event_day_confirmed_exchange_in_atom_to_spot_range_stress,5m,30d_plus_event_day,confirmed_exchange_in_atom,spot_range_stress,-3,-15,0.012854872243395708,8925
5m_30d_plus_event_day_confirmed_exchange_in_atom_to_spot_range_stress,5m,30d_plus_event_day,confirmed_exchange_in_atom,spot_range_stress,-2,-10,0.017100211457068484,8926
5m_30d_plus_event_day_confirmed_exchange_in_atom_to_spot_range_stress,5m,30d_plus_event_day,confirmed_exchange_in_atom,spot_range_stress,-1,-5,0.017381470367828458,8927
5m_30d_plus_event_day_confirmed_exchange_in_atom_to_spot_range_stress,5m,30d_plus_event_day,confirmed_exchange_in_atom,spot_range_stress,0,0,0.015228144456182499,8928
5m_30d_plus_event_day_confirmed_exchange_in_atom_to_spot_range_stress,5m,30d_plus_event_day,confirmed_exchange_in_atom,spot_range_stress,1,5,0.013184261112388521,8927
5m_30d_plus_event_day_confirmed_exchange_in_atom_to_spot_range_stress,5m,30d_plus_event_day,confirmed_exchange_in_atom,spot_range_stress,2,10,0.009917788266296601,8926
5m_30d_plus_event_day_confirmed_exchange_in_atom_to_spot_range_stress,5m,30d_plus_event_day,confirmed_exchange_in_atom,spot_range_stress,3,15,0.013553522829840922,8925
5m_30d_plus_event_day_confirmed_exchange_in_atom_to_spot_range_stress,5m,30d_plus_event_day,confirmed_exchange_in_atom,spot_range_stress,4,20,0.012905320753747125,8924
5m_30d_plus_event_day_confirmed_exchange_in_atom_to_spot_range_stress,5m,30d_plus_event_day,confirmed_exchange_in_atom,spot_range_stress,5,25,0.01315416324943059,8923
5m_30d_plus_event_day_confirmed_exchange_in_atom_to_spot_range_stress,5m,30d_plus_event_day,confirmed_exchange_in_atom,spot_range_stress,6,30,0.012584974750228404,8922
5m_30d_plus_event_day_confirmed_exchange_in_atom_to_spot_range_stress,5m,30d_plus_event_day,confirmed_exchange_in_atom,spot_range_stress,7,35,0.006455443866350003,8921
5m_30d_plus_event_day_confirmed_exchange_in_atom_to_spot_range_stress,5m,30d_plus_event_day,confirmed_exchange_in_atom,spot_range_stress,8,40,-0.009436025074244467,8920
5m_30d_plus_event_day_confirmed_exchange_in_atom_to_spot_range_stress,5m,30d_plus_event_day,confirmed_exchange_in_atom,spot_range_stress,9,45,-0.0020510995979455982,8919
5m_30d_plus_event_day_confirmed_exchange_in_atom_to_spot_range_stress,5m,30d_plus_event_day,confirmed_exchange_in_atom,spot_range_stress,10,50,0.006500569877687751,8918
5m_30d_plus_event_day_confirmed_exchange_in_atom_to_spot_range_stress,5m,30d_plus_event_day,confirmed_exchange_in_atom,spot_range_stress,11,55,0.008822098415905576,8917
5m_30d_plus_event_day_confirmed_exchange_in_atom_to_spot_range_stress,5m,30d_plus_event_day,confirmed_exchange_in_atom,spot_range_stress,12,60,0.013391301632758968,8916
5m_30d_plus_event_day_confirmed_exchange_out_atom_to_spot_range_stress,5m,30d_plus_event_day,confirmed_exchange_out_atom,spot_range_stress,-12,-60,0.0400131015133667,8916
5m_30d_plus_event_day_confirmed_exchange_out_atom_to_spot_range_stress,5m,30d_plus_event_day,confirmed_exchange_out_atom,spot_range_stress,-11,-55,0.015053954765519725,8917
5m_30d_plus_event_day_confirmed_exchange_out_atom_to_spot_range_stress,5m,30d_plus_event_day,confirmed_exchange_out_atom,spot_range_stress,-10,-50,0.001654065437491184,8918
5m_30d_plus_event_day_confirmed_exchange_out_atom_to_spot_range_stress,5m,30d_plus_event_day,confirmed_exchange_out_atom,spot_range_stress,-9,-45,0.006946616565546692,8919
5m_30d_plus_event_day_confirmed_exchange_out_atom_to_spot_range_stress,5m,30d_plus_event_day,confirmed_exchange_out_atom,spot_range_stress,-8,-40,0.001831347328171697,8920
5m_30d_plus_event_day_confirmed_exchange_out_atom_to_spot_range_stress,5m,30d_plus_event_day,confirmed_exchange_out_atom,spot_range_stress,-7,-35,0.014469370614464102,8921
5m_30d_plus_event_day_confirmed_exchange_out_atom_to_spot_range_stress,5m,30d_plus_event_day,confirmed_exchange_out_atom,spot_range_stress,-6,-30,0.00924197372643315,8922
5m_30d_plus_event_day_confirmed_exchange_out_atom_to_spot_range_stress,5m,30d_plus_event_day,confirmed_exchange_out_atom,spot_range_stress,-5,-25,0.014530663682101852,8923
5m_30d_plus_event_day_confirmed_exchange_out_atom_to_spot_range_stress,5m,30d_plus_event_day,confirmed_exchange_out_atom,spot_range_stress,-4,-20,0.03547727992189724,8924
5m_30d_plus_event_day_confirmed_exchange_out_atom_to_spot_range_stress,5m,30d_plus_event_day,confirmed_exchange_out_atom,spot_range_stress,-3,-15,0.013229003576090883,8925
5m_30d_plus_event_day_confirmed_exchange_out_atom_to_spot_range_stress,5m,30d_plus_event_day,confirmed_exchange_out_atom,spot_range_stress,-2,-10,0.0292381905993072,8926
5m_30d_plus_event_day_confirmed_exchange_out_atom_to_spot_range_stress,5m,30d_plus_event_day,confirmed_exchange_out_atom,spot_range_stress,-1,-5,0.01129708702081062,8927
5m_30d_plus_event_day_confirmed_exchange_out_atom_to_spot_range_stress,5m,30d_plus_event_day,confirmed_exchange_out_atom,spot_range_stress,0,0,0.02807041665607226,8928
5m_30d_plus_event_day_confirmed_exchange_out_atom_to_spot_range_stress,5m,30d_plus_event_day,confirmed_exchange_out_atom,spot_range_stress,1,5,0.008510840307641501,8927
5m_30d_plus_event_day_confirmed_exchange_out_atom_to_spot_range_stress,5m,30d_plus_event_day,confirmed_exchange_out_atom,spot_range_stress,2,10,0.019072616877741116,8926
5m_30d_plus_event_day_confirmed_exchange_out_atom_to_spot_range_stress,5m,30d_plus_event_day,confirmed_exchange_out_atom,spot_range_stress,3,15,0.010545607851105077,8925
5m_30d_plus_event_day_confirmed_exchange_out_atom_to_spot_range_stress,5m,30d_plus_event_day,confirmed_exchange_out_atom,spot_range_stress,4,20,0.0014848152123115082,8924
5m_30d_plus_event_day_confirmed_exchange_out_atom_to_spot_range_stress,5m,30d_plus_event_day,confirmed_exchange_out_atom,spot_range_stress,5,25,0.009946252648760439,8923
5m_30d_plus_event_day_confirmed_exchange_out_atom_to_spot_range_stress,5m,30d_plus_event_day,confirmed_exchange_out_atom,spot_range_stress,6,30,0.01679018710908913,8922
5m_30d_plus_event_day_confirmed_exchange_out_atom_to_spot_range_stress,5m,30d_plus_event_day,confirmed_exchange_out_atom,spot_range_stress,7,35,-0.00695263963856009,8921
5m_30d_plus_event_day_confirmed_exchange_out_atom_to_spot_range_stress,5m,30d_plus_event_day,confirmed_exchange_out_atom,spot_range_stress,8,40,0.004696968445922624,8920
5m_30d_plus_event_day_confirmed_exchange_out_atom_to_spot_range_stress,5m,30d_plus_event_day,confirmed_exchange_out_atom,spot_range_stress,9,45,0.00037509658767953617,8919
5m_30d_plus_event_day_confirmed_exchange_out_atom_to_spot_range_stress,5m,30d_plus_event_day,confirmed_exchange_out_atom,spot_range_stress,10,50,0.0007083765121587856,8918
5m_30d_plus_event_day_confirmed_exchange_out_atom_to_spot_range_stress,5m,30d_plus_event_day,confirmed_exchange_out_atom,spot_range_stress,11,55,0.004216330673089968,8917
5m_30d_plus_event_day_confirmed_exchange_out_atom_to_spot_range_stress,5m,30d_plus_event_day,confirmed_exchange_out_atom,spot_range_stress,12,60,0.005310929884383027,8916
5m_30d_plus_event_day_unconfirmed_behavioral_in_atom_to_spot_range_stress,5m,30d_plus_event_day,unconfirmed_behavioral_in_atom,spot_range_stress,-12,-60,0.02775910826727291,8916
5m_30d_plus_event_day_unconfirmed_behavioral_in_atom_to_spot_range_stress,5m,30d_plus_event_day,unconfirmed_behavioral_in_atom,spot_range_stress,-11,-55,0.024242999382573658,8917
5m_30d_plus_event_day_unconfirmed_behavioral_in_atom_to_spot_range_stress,5m,30d_plus_event_day,unconfirmed_behavioral_in_atom,spot_range_stress,-10,-50,0.024480009671925325,8918
5m_30d_plus_event_day_unconfirmed_behavioral_in_atom_to_spot_range_stress,5m,30d_plus_event_day,unconfirmed_behavioral_in_atom,spot_range_stress,-9,-45,0.02208081105131991,8919
5m_30d_plus_event_day_unconfirmed_behavioral_in_atom_to_spot_range_stress,5m,30d_plus_event_day,unconfirmed_behavioral_in_atom,spot_range_stress,-8,-40,0.02000896628890034,8920
5m_30d_plus_event_day_unconfirmed_behavioral_in_atom_to_spot_range_stress,5m,30d_plus_event_day,unconfirmed_behavioral_in_atom,spot_range_stress,-7,-35,0.022564624912433252,8921
5m_30d_plus_event_day_unconfirmed_behavioral_in_atom_to_spot_range_stress,5m,30d_plus_event_day,unconfirmed_behavioral_in_atom,spot_range_stress,-6,-30,0.026286468677793298,8922
5m_30d_plus_event_day_unconfirmed_behavioral_in_atom_to_spot_range_stress,5m,30d_plus_event_day,unconfirmed_behavioral_in_atom,spot_range_stress,-5,-25,0.02787603669027659,8923
5m_30d_plus_event_day_unconfirmed_behavioral_in_atom_to_spot_range_stress,5m,30d_plus_event_day,unconfirmed_behavioral_in_atom,spot_range_stress,-4,-20,0.02286981045094327,8924
5m_30d_plus_event_day_unconfirmed_behavioral_in_atom_to_spot_range_stress,5m,30d_plus_event_day,unconfirmed_behavioral_in_atom,spot_range_stress,-3,-15,0.01158228586476787,8925
5m_30d_plus_event_day_unconfirmed_behavioral_in_atom_to_spot_range_stress,5m,30d_plus_event_day,unconfirmed_behavioral_in_atom,spot_range_stress,-2,-10,0.01708410118570872,8926
5m_30d_plus_event_day_unconfirmed_behavioral_in_atom_to_spot_range_stress,5m,30d_plus_event_day,unconfirmed_behavioral_in_atom,spot_range_stress,-1,-5,0.01674960703099164,8927
5m_30d_plus_event_day_unconfirmed_behavioral_in_atom_to_spot_range_stress,5m,30d_plus_event_day,unconfirmed_behavioral_in_atom,spot_range_stress,0,0,0.017217801404288295,8928
5m_30d_plus_event_day_unconfirmed_behavioral_in_atom_to_spot_range_stress,5m,30d_plus_event_day,unconfirmed_behavioral_in_atom,spot_range_stress,1,5,0.02203835064120016,8927
5m_30d_plus_event_day_unconfirmed_behavioral_in_atom_to_spot_range_stress,5m,30d_plus_event_day,unconfirmed_behavioral_in_atom,spot_range_stress,2,10,0.02066737141127538,8926
5m_30d_plus_event_day_unconfirmed_behavioral_in_atom_to_spot_range_stress,5m,30d_plus_event_day,unconfirmed_behavioral_in_atom,spot_range_stress,3,15,0.022166379946623085,8925
5m_30d_plus_event_day_unconfirmed_behavioral_in_atom_to_spot_range_stress,5m,30d_plus_event_day,unconfirmed_behavioral_in_atom,spot_range_stress,4,20,0.02207761882216538,8924
5m_30d_plus_event_day_unconfirmed_behavioral_in_atom_to_spot_range_stress,5m,30d_plus_event_day,unconfirmed_behavioral_in_atom,spot_range_stress,5,25,0.02141208905985514,8923
5m_30d_plus_event_day_unconfirmed_behavioral_in_atom_to_spot_range_stress,5m,30d_plus_event_day,unconfirmed_behavioral_in_atom,spot_range_stress,6,30,0.014028805674050307,8922
5m_30d_plus_event_day_unconfirmed_behavioral_in_atom_to_spot_range_stress,5m,30d_plus_event_day,unconfirmed_behavioral_in_atom,spot_range_stress,7,35,0.011505397911198435,8921
5m_30d_plus_event_day_unconfirmed_behavioral_in_atom_to_spot_range_stress,5m,30d_plus_event_day,unconfirmed_behavioral_in_atom,spot_range_stress,8,40,0.015566297710582707,8920
5m_30d_plus_event_day_unconfirmed_behavioral_in_atom_to_spot_range_stress,5m,30d_plus_event_day,unconfirmed_behavioral_in_atom,spot_range_stress,9,45,0.002090643659923413,8919
5m_30d_plus_event_day_unconfirmed_behavioral_in_atom_to_spot_range_stress,5m,30d_plus_event_day,unconfirmed_behavioral_in_atom,spot_range_stress,10,50,0.0041702595257245515,8918
5m_30d_plus_event_day_unconfirmed_behavioral_in_atom_to_spot_range_stress,5m,30d_plus_event_day,unconfirmed_behavioral_in_atom,spot_range_stress,11,55,0.011740902655091244,8917
5m_30d_plus_event_day_unconfirmed_behavioral_in_atom_to_spot_range_stress,5m,30d_plus_event_day,unconfirmed_behavioral_in_atom,spot_range_stress,12,60,0.017531955681679385,8916
5m_30d_plus_event_day_all_behavioral_candidate_in_atom_to_spot_range_stress,5m,30d_plus_event_day,all_behavioral_candidate_in_atom,spot_range_stress,-12,-60,0.02970426440394896,8916
5m_30d_plus_event_day_all_behavioral_candidate_in_atom_to_spot_range_stress,5m,30d_plus_event_day,all_behavioral_candidate_in_atom,spot_range_stress,-11,-55,0.02656241358717465,8917
5m_30d_plus_event_day_all_behavioral_candidate_in_atom_to_spot_range_stress,5m,30d_plus_event_day,all_behavioral_candidate_in_atom,spot_range_stress,-10,-50,0.023636175552585372,8918
5m_30d_plus_event_day_all_behavioral_candidate_in_atom_to_spot_range_stress,5m,30d_plus_event_day,all_behavioral_candidate_in_atom,spot_range_stress,-9,-45,0.02363269013269751,8919
5m_30d_plus_event_day_all_behavioral_candidate_in_atom_to_spot_range_stress,5m,30d_plus_event_day,all_behavioral_candidate_in_atom,spot_range_stress,-8,-40,0.017860584376710453,8920
5m_30d_plus_event_day_all_behavioral_candidate_in_atom_to_spot_range_stress,5m,30d_plus_event_day,all_behavioral_candidate_in_atom,spot_range_stress,-7,-35,0.025384427168507626,8921
5m_30d_plus_event_day_all_behavioral_candidate_in_atom_to_spot_range_stress,5m,30d_plus_event_day,all_behavioral_candidate_in_atom,spot_range_stress,-6,-30,0.02774186532404497,8922
5m_30d_plus_event_day_all_behavioral_candidate_in_atom_to_spot_range_stress,5m,30d_plus_event_day,all_behavioral_candidate_in_atom,spot_range_stress,-5,-25,0.026501023759481605,8923
5m_30d_plus_event_day_all_behavioral_candidate_in_atom_to_spot_range_stress,5m,30d_plus_event_day,all_behavioral_candidate_in_atom,spot_range_stress,-4,-20,0.021211877013157885,8924
5m_30d_plus_event_day_all_behavioral_candidate_in_atom_to_spot_range_stress,5m,30d_plus_event_day,all_behavioral_candidate_in_atom,spot_range_stress,-3,-15,0.012810135343975864,8925
5m_30d_plus_event_day_all_behavioral_candidate_in_atom_to_spot_range_stress,5m,30d_plus_event_day,all_behavioral_candidate_in_atom,spot_range_stress,-2,-10,0.019220796013879864,8926
5m_30d_plus_event_day_all_behavioral_candidate_in_atom_to_spot_range_stress,5m,30d_plus_event_day,all_behavioral_candidate_in_atom,spot_range_stress,-1,-5,0.019465661543694338,8927
5m_30d_plus_event_day_all_behavioral_candidate_in_atom_to_spot_range_stress,5m,30d_plus_event_day,all_behavioral_candidate_in_atom,spot_range_stress,0,0,0.018846612804728786,8928
5m_30d_plus_event_day_all_behavioral_candidate_in_atom_to_spot_range_stress,5m,30d_plus_event_day,all_behavioral_candidate_in_atom,spot_range_stress,1,5,0.02393855350814915,8927
5m_30d_plus_event_day_all_behavioral_candidate_in_atom_to_spot_range_stress,5m,30d_plus_event_day,all_behavioral_candidate_in_atom,spot_range_stress,2,10,0.01873083021381677,8926
5m_30d_plus_event_day_all_behavioral_candidate_in_atom_to_spot_range_stress,5m,30d_plus_event_day,all_behavioral_candidate_in_atom,spot_range_stress,3,15,0.021453616610629188,8925
5m_30d_plus_event_day_all_behavioral_candidate_in_atom_to_spot_range_stress,5m,30d_plus_event_day,all_behavioral_candidate_in_atom,spot_range_stress,4,20,0.023054305390106045,8924
5m_30d_plus_event_day_all_behavioral_candidate_in_atom_to_spot_range_stress,5m,30d_plus_event_day,all_behavioral_candidate_in_atom,spot_range_stress,5,25,0.019199799198856178,8923
5m_30d_plus_event_day_all_behavioral_candidate_in_atom_to_spot_range_stress,5m,30d_plus_event_day,all_behavioral_candidate_in_atom,spot_range_stress,6,30,0.014725214219201031,8922
5m_30d_plus_event_day_all_behavioral_candidate_in_atom_to_spot_range_stress,5m,30d_plus_event_day,all_behavioral_candidate_in_atom,spot_range_stress,7,35,0.01047280307413669,8921
5m_30d_plus_event_day_all_behavioral_candidate_in_atom_to_spot_range_stress,5m,30d_plus_event_day,all_behavioral_candidate_in_atom,spot_range_stress,8,40,0.009270889033551718,8920
5m_30d_plus_event_day_all_behavioral_candidate_in_atom_to_spot_range_stress,5m,30d_plus_event_day,all_behavioral_candidate_in_atom,spot_range_stress,9,45,-0.002839529117969384,8919
5m_30d_plus_event_day_all_behavioral_candidate_in_atom_to_spot_range_stress,5m,30d_plus_event_day,all_behavioral_candidate_in_atom,spot_range_stress,10,50,0.004057481681333885,8918
5m_30d_plus_event_day_all_behavioral_candidate_in_atom_to_spot_range_stress,5m,30d_plus_event_day,all_behavioral_candidate_in_atom,spot_range_stress,11,55,0.009879616040468645,8917
5m_30d_plus_event_day_all_behavioral_candidate_in_atom_to_spot_range_stress,5m,30d_plus_event_day,all_behavioral_candidate_in_atom,spot_range_stress,12,60,0.01558854599876227,8916
5m_30d_plus_event_day_confirmed_exchange_net_in_atom_to_spot_return,5m,30d_plus_event_day,confirmed_exchange_net_in_atom,spot_return,-12,-60,0.020931439721672645,8916
5m_30d_plus_event_day_confirmed_exchange_net_in_atom_to_spot_return,5m,30d_plus_event_day,confirmed_exchange_net_in_atom,spot_return,-11,-55,-0.014539407864300453,8917
5m_30d_plus_event_day_confirmed_exchange_net_in_atom_to_spot_return,5m,30d_plus_event_day,confirmed_exchange_net_in_atom,spot_return,-10,-50,-0.007077869396206726,8918
5m_30d_plus_event_day_confirmed_exchange_net_in_atom_to_spot_return,5m,30d_plus_event_day,confirmed_exchange_net_in_atom,spot_return,-9,-45,-0.006495396384168197,8919
5m_30d_plus_event_day_confirmed_exchange_net_in_atom_to_spot_return,5m,30d_plus_event_day,confirmed_exchange_net_in_atom,spot_return,-8,-40,0.019828575526287258,8920
5m_30d_plus_event_day_confirmed_exchange_net_in_atom_to_spot_return,5m,30d_plus_event_day,confirmed_exchange_net_in_atom,spot_return,-7,-35,-0.016901831043185423,8921
5m_30d_plus_event_day_confirmed_exchange_net_in_atom_to_spot_return,5m,30d_plus_event_day,confirmed_exchange_net_in_atom,spot_return,-6,-30,0.009626813413789568,8922
5m_30d_plus_event_day_confirmed_exchange_net_in_atom_to_spot_return,5m,30d_plus_event_day,confirmed_exchange_net_in_atom,spot_return,-5,-25,0.025167074303413223,8923
5m_30d_plus_event_day_confirmed_exchange_net_in_atom_to_spot_return,5m,30d_plus_event_day,confirmed_exchange_net_in_atom,spot_return,-4,-20,0.011299534066633922,8924
5m_30d_plus_event_day_confirmed_exchange_net_in_atom_to_spot_return,5m,30d_plus_event_day,confirmed_exchange_net_in_atom,spot_return,-3,-15,-0.013287385921894226,8925
5m_30d_plus_event_day_confirmed_exchange_net_in_atom_to_spot_return,5m,30d_plus_event_day,confirmed_exchange_net_in_atom,spot_return,-2,-10,-0.0024962559365526373,8926
5m_30d_plus_event_day_confirmed_exchange_net_in_atom_to_spot_return,5m,30d_plus_event_day,confirmed_exchange_net_in_atom,spot_return,-1,-5,-0.013918967516613048,8927
5m_30d_plus_event_day_confirmed_exchange_net_in_atom_to_spot_return,5m,30d_plus_event_day,confirmed_exchange_net_in_atom,spot_return,0,0,0.015676531242324637,8928
5m_30d_plus_event_day_confirmed_exchange_net_in_atom_to_spot_return,5m,30d_plus_event_day,confirmed_exchange_net_in_atom,spot_return,1,5,-0.009043222659159278,8927
5m_30d_plus_event_day_confirmed_exchange_net_in_atom_to_spot_return,5m,30d_plus_event_day,confirmed_exchange_net_in_atom,spot_return,2,10,0.010224547015822823,8926
5m_30d_plus_event_day_confirmed_exchange_net_in_atom_to_spot_return,5m,30d_plus_event_day,confirmed_exchange_net_in_atom,spot_return,3,15,-0.018566373048245696,8925
5m_30d_plus_event_day_confirmed_exchange_net_in_atom_to_spot_return,5m,30d_plus_event_day,confirmed_exchange_net_in_atom,spot_return,4,20,-0.0074598157327825905,8924
5m_30d_plus_event_day_confirmed_exchange_net_in_atom_to_spot_return,5m,30d_plus_event_day,confirmed_exchange_net_in_atom,spot_return,5,25,0.0007760658533928209,8923
5m_30d_plus_event_day_confirmed_exchange_net_in_atom_to_spot_return,5m,30d_plus_event_day,confirmed_exchange_net_in_atom,spot_return,6,30,-0.0013407399061999706,8922
5m_30d_plus_event_day_confirmed_exchange_net_in_atom_to_spot_return,5m,30d_plus_event_day,confirmed_exchange_net_in_atom,spot_return,7,35,0.0033987022238897257,8921
5m_30d_plus_event_day_confirmed_exchange_net_in_atom_to_spot_return,5m,30d_plus_event_day,confirmed_exchange_net_in_atom,spot_return,8,40,0.012358629372784488,8920
5m_30d_plus_event_day_confirmed_exchange_net_in_atom_to_spot_return,5m,30d_plus_event_day,confirmed_exchange_net_in_atom,spot_return,9,45,-0.0059386476166217155,8919
5m_30d_plus_event_day_confirmed_exchange_net_in_atom_to_spot_return,5m,30d_plus_event_day,confirmed_exchange_net_in_atom,spot_return,10,50,0.010145271092247266,8918
5m_30d_plus_event_day_confirmed_exchange_net_in_atom_to_spot_return,5m,30d_plus_event_day,confirmed_exchange_net_in_atom,spot_return,11,55,-0.0001783251305133463,8917
5m_30d_plus_event_day_confirmed_exchange_net_in_atom_to_spot_return,5m,30d_plus_event_day,confirmed_exchange_net_in_atom,spot_return,12,60,0.0023078642822830057,8916
5m_30d_plus_event_day_ibc_inbound_atom_to_spot_range_stress,5m,30d_plus_event_day,ibc_inbound_atom,spot_range_stress,-12,-60,0.041517873773728314,8916
5m_30d_plus_event_day_ibc_inbound_atom_to_spot_range_stress,5m,30d_plus_event_day,ibc_inbound_atom,spot_range_stress,-11,-55,0.035917168678208655,8917
5m_30d_plus_event_day_ibc_inbound_atom_to_spot_range_stress,5m,30d_plus_event_day,ibc_inbound_atom,spot_range_stress,-10,-50,0.03434836530694082,8918
5m_30d_plus_event_day_ibc_inbound_atom_to_spot_range_stress,5m,30d_plus_event_day,ibc_inbound_atom,spot_range_stress,-9,-45,0.033340542078802646,8919
5m_30d_plus_event_day_ibc_inbound_atom_to_spot_range_stress,5m,30d_plus_event_day,ibc_inbound_atom,spot_range_stress,-8,-40,0.03328520182040426,8920
5m_30d_plus_event_day_ibc_inbound_atom_to_spot_range_stress,5m,30d_plus_event_day,ibc_inbound_atom,spot_range_stress,-7,-35,0.031816098879456675,8921
5m_30d_plus_event_day_ibc_inbound_atom_to_spot_range_stress,5m,30d_plus_event_day,ibc_inbound_atom,spot_range_stress,-6,-30,0.02806253461309265,8922
5m_30d_plus_event_day_ibc_inbound_atom_to_spot_range_stress,5m,30d_plus_event_day,ibc_inbound_atom,spot_range_stress,-5,-25,0.02595585463826537,8923
5m_30d_plus_event_day_ibc_inbound_atom_to_spot_range_stress,5m,30d_plus_event_day,ibc_inbound_atom,spot_range_stress,-4,-20,0.030014386162482327,8924
5m_30d_plus_event_day_ibc_inbound_atom_to_spot_range_stress,5m,30d_plus_event_day,ibc_inbound_atom,spot_range_stress,-3,-15,0.02398603186386174,8925
5m_30d_plus_event_day_ibc_inbound_atom_to_spot_range_stress,5m,30d_plus_event_day,ibc_inbound_atom,spot_range_stress,-2,-10,0.026186101926444383,8926
5m_30d_plus_event_day_ibc_inbound_atom_to_spot_range_stress,5m,30d_plus_event_day,ibc_inbound_atom,spot_range_stress,-1,-5,0.02748794789598953,8927
5m_30d_plus_event_day_ibc_inbound_atom_to_spot_range_stress,5m,30d_plus_event_day,ibc_inbound_atom,spot_range_stress,0,0,0.026874662141383676,8928
5m_30d_plus_event_day_ibc_inbound_atom_to_spot_range_stress,5m,30d_plus_event_day,ibc_inbound_atom,spot_range_stress,1,5,0.025051530317967644,8927
5m_30d_plus_event_day_ibc_inbound_atom_to_spot_range_stress,5m,30d_plus_event_day,ibc_inbound_atom,spot_range_stress,2,10,0.013423552061369286,8926
5m_30d_plus_event_day_ibc_inbound_atom_to_spot_range_stress,5m,30d_plus_event_day,ibc_inbound_atom,spot_range_stress,3,15,0.023239028945802872,8925
5m_30d_plus_event_day_ibc_inbound_atom_to_spot_range_stress,5m,30d_plus_event_day,ibc_inbound_atom,spot_range_stress,4,20,0.014522057277257564,8924
5m_30d_plus_event_day_ibc_inbound_atom_to_spot_range_stress,5m,30d_plus_event_day,ibc_inbound_atom,spot_range_stress,5,25,0.018400272090308704,8923
5m_30d_plus_event_day_ibc_inbound_atom_to_spot_range_stress,5m,30d_plus_event_day,ibc_inbound_atom,spot_range_stress,6,30,0.013418920238411139,8922
5m_30d_plus_event_day_ibc_inbound_atom_to_spot_range_stress,5m,30d_plus_event_day,ibc_inbound_atom,spot_range_stress,7,35,0.002313021619838311,8921
5m_30d_plus_event_day_ibc_inbound_atom_to_spot_range_stress,5m,30d_plus_event_day,ibc_inbound_atom,spot_range_stress,8,40,0.00391879225850067,8920
5m_30d_plus_event_day_ibc_inbound_atom_to_spot_range_stress,5m,30d_plus_event_day,ibc_inbound_atom,spot_range_stress,9,45,0.011233968294169356,8919
5m_30d_plus_event_day_ibc_inbound_atom_to_spot_range_stress,5m,30d_plus_event_day,ibc_inbound_atom,spot_range_stress,10,50,0.005775660850573467,8918
5m_30d_plus_event_day_ibc_inbound_atom_to_spot_range_stress,5m,30d_plus_event_day,ibc_inbound_atom,spot_range_stress,11,55,0.014482559509022167,8917
5m_30d_plus_event_day_ibc_inbound_atom_to_spot_range_stress,5m,30d_plus_event_day,ibc_inbound_atom,spot_range_stress,12,60,0.016017859904978057,8916
5m_30d_plus_event_day_ibc_outbound_atom_to_spot_range_stress,5m,30d_plus_event_day,ibc_outbound_atom,spot_range_stress,-12,-60,0.037160898848821594,8916
5m_30d_plus_event_day_ibc_outbound_atom_to_spot_range_stress,5m,30d_plus_event_day,ibc_outbound_atom,spot_range_stress,-11,-55,0.03441566630352664,8917
5m_30d_plus_event_day_ibc_outbound_atom_to_spot_range_stress,5m,30d_plus_event_day,ibc_outbound_atom,spot_range_stress,-10,-50,0.03190620470736118,8918
5m_30d_plus_event_day_ibc_outbound_atom_to_spot_range_stress,5m,30d_plus_event_day,ibc_outbound_atom,spot_range_stress,-9,-45,0.03193202288913686,8919
5m_30d_plus_event_day_ibc_outbound_atom_to_spot_range_stress,5m,30d_plus_event_day,ibc_outbound_atom,spot_range_stress,-8,-40,0.033195154073337556,8920
5m_30d_plus_event_day_ibc_outbound_atom_to_spot_range_stress,5m,30d_plus_event_day,ibc_outbound_atom,spot_range_stress,-7,-35,0.029888154728896475,8921
5m_30d_plus_event_day_ibc_outbound_atom_to_spot_range_stress,5m,30d_plus_event_day,ibc_outbound_atom,spot_range_stress,-6,-30,0.03530556601317245,8922
5m_30d_plus_event_day_ibc_outbound_atom_to_spot_range_stress,5m,30d_plus_event_day,ibc_outbound_atom,spot_range_stress,-5,-25,0.03351682232173964,8923
5m_30d_plus_event_day_ibc_outbound_atom_to_spot_range_stress,5m,30d_plus_event_day,ibc_outbound_atom,spot_range_stress,-4,-20,0.04278165763960304,8924
5m_30d_plus_event_day_ibc_outbound_atom_to_spot_range_stress,5m,30d_plus_event_day,ibc_outbound_atom,spot_range_stress,-3,-15,0.027068096766514897,8925
5m_30d_plus_event_day_ibc_outbound_atom_to_spot_range_stress,5m,30d_plus_event_day,ibc_outbound_atom,spot_range_stress,-2,-10,0.0250774064391162,8926
5m_30d_plus_event_day_ibc_outbound_atom_to_spot_range_stress,5m,30d_plus_event_day,ibc_outbound_atom,spot_range_stress,-1,-5,0.027135066848493528,8927
5m_30d_plus_event_day_ibc_outbound_atom_to_spot_range_stress,5m,30d_plus_event_day,ibc_outbound_atom,spot_range_stress,0,0,0.03384526091610979,8928
5m_30d_plus_event_day_ibc_outbound_atom_to_spot_range_stress,5m,30d_plus_event_day,ibc_outbound_atom,spot_range_stress,1,5,0.03401867986540448,8927
5m_30d_plus_event_day_ibc_outbound_atom_to_spot_range_stress,5m,30d_plus_event_day,ibc_outbound_atom,spot_range_stress,2,10,0.02645791435172784,8926
5m_30d_plus_event_day_ibc_outbound_atom_to_spot_range_stress,5m,30d_plus_event_day,ibc_outbound_atom,spot_range_stress,3,15,0.028564950734328014,8925
5m_30d_plus_event_day_ibc_outbound_atom_to_spot_range_stress,5m,30d_plus_event_day,ibc_outbound_atom,spot_range_stress,4,20,0.024462923708997386,8924
5m_30d_plus_event_day_ibc_outbound_atom_to_spot_range_stress,5m,30d_plus_event_day,ibc_outbound_atom,spot_range_stress,5,25,0.02778131263731327,8923
5m_30d_plus_event_day_ibc_outbound_atom_to_spot_range_stress,5m,30d_plus_event_day,ibc_outbound_atom,spot_range_stress,6,30,0.025675944038171566,8922
5m_30d_plus_event_day_ibc_outbound_atom_to_spot_range_stress,5m,30d_plus_event_day,ibc_outbound_atom,spot_range_stress,7,35,-0.0011918544448660002,8921
5m_30d_plus_event_day_ibc_outbound_atom_to_spot_range_stress,5m,30d_plus_event_day,ibc_outbound_atom,spot_range_stress,8,40,0.004617758269278762,8920
5m_30d_plus_event_day_ibc_outbound_atom_to_spot_range_stress,5m,30d_plus_event_day,ibc_outbound_atom,spot_range_stress,9,45,0.01753422846195656,8919
5m_30d_plus_event_day_ibc_outbound_atom_to_spot_range_stress,5m,30d_plus_event_day,ibc_outbound_atom,spot_range_stress,10,50,-0.0015534595576472464,8918
5m_30d_plus_event_day_ibc_outbound_atom_to_spot_range_stress,5m,30d_plus_event_day,ibc_outbound_atom,spot_range_stress,11,55,0.0048491695955225084,8917
5m_30d_plus_event_day_ibc_outbound_atom_to_spot_range_stress,5m,30d_plus_event_day,ibc_outbound_atom,spot_range_stress,12,60,0.011423777729247905,8916
5m_30d_plus_event_day_ibc_net_inbound_atom_to_spot_return,5m,30d_plus_event_day,ibc_net_inbound_atom,spot_return,-12,-60,0.006648060698092237,8916
5m_30d_plus_event_day_ibc_net_inbound_atom_to_spot_return,5m,30d_plus_event_day,ibc_net_inbound_atom,spot_return,-11,-55,-3.0178637497983386e-05,8917
5m_30d_plus_event_day_ibc_net_inbound_atom_to_spot_return,5m,30d_plus_event_day,ibc_net_inbound_atom,spot_return,-10,-50,-0.018574028665753684,8918
5m_30d_plus_event_day_ibc_net_inbound_atom_to_spot_return,5m,30d_plus_event_day,ibc_net_inbound_atom,spot_return,-9,-45,-0.01919593584949094,8919
5m_30d_plus_event_day_ibc_net_inbound_atom_to_spot_return,5m,30d_plus_event_day,ibc_net_inbound_atom,spot_return,-8,-40,-0.006173514066376794,8920
5m_30d_plus_event_day_ibc_net_inbound_atom_to_spot_return,5m,30d_plus_event_day,ibc_net_inbound_atom,spot_return,-7,-35,0.03185227710945302,8921
5m_30d_plus_event_day_ibc_net_inbound_atom_to_spot_return,5m,30d_plus_event_day,ibc_net_inbound_atom,spot_return,-6,-30,0.05129603263225805,8922
5m_30d_plus_event_day_ibc_net_inbound_atom_to_spot_return,5m,30d_plus_event_day,ibc_net_inbound_atom,spot_return,-5,-25,0.04443185977922847,8923
5m_30d_plus_event_day_ibc_net_inbound_atom_to_spot_return,5m,30d_plus_event_day,ibc_net_inbound_atom,spot_return,-4,-20,0.014540059812545227,8924
5m_30d_plus_event_day_ibc_net_inbound_atom_to_spot_return,5m,30d_plus_event_day,ibc_net_inbound_atom,spot_return,-3,-15,0.024536335863415328,8925
5m_30d_plus_event_day_ibc_net_inbound_atom_to_spot_return,5m,30d_plus_event_day,ibc_net_inbound_atom,spot_return,-2,-10,0.009206816417435431,8926
5m_30d_plus_event_day_ibc_net_inbound_atom_to_spot_return,5m,30d_plus_event_day,ibc_net_inbound_atom,spot_return,-1,-5,0.06597707279210453,8927
5m_30d_plus_event_day_ibc_net_inbound_atom_to_spot_return,5m,30d_plus_event_day,ibc_net_inbound_atom,spot_return,0,0,0.06337007891103763,8928
5m_30d_plus_event_day_ibc_net_inbound_atom_to_spot_return,5m,30d_plus_event_day,ibc_net_inbound_atom,spot_return,1,5,0.005405280057566731,8927
5m_30d_plus_event_day_ibc_net_inbound_atom_to_spot_return,5m,30d_plus_event_day,ibc_net_inbound_atom,spot_return,2,10,-0.00555485236589929,8926
5m_30d_plus_event_day_ibc_net_inbound_atom_to_spot_return,5m,30d_plus_event_day,ibc_net_inbound_atom,spot_return,3,15,0.018312016818147203,8925
5m_30d_plus_event_day_ibc_net_inbound_atom_to_spot_return,5m,30d_plus_event_day,ibc_net_inbound_atom,spot_return,4,20,0.0173033986903174,8924
5m_30d_plus_event_day_ibc_net_inbound_atom_to_spot_return,5m,30d_plus_event_day,ibc_net_inbound_atom,spot_return,5,25,0.010104635116446827,8923
5m_30d_plus_event_day_ibc_net_inbound_atom_to_spot_return,5m,30d_plus_event_day,ibc_net_inbound_atom,spot_return,6,30,-0.019529702745998155,8922
5m_30d_plus_event_day_ibc_net_inbound_atom_to_spot_return,5m,30d_plus_event_day,ibc_net_inbound_atom,spot_return,7,35,-0.012722477415514188,8921
5m_30d_plus_event_day_ibc_net_inbound_atom_to_spot_return,5m,30d_plus_event_day,ibc_net_inbound_atom,spot_return,8,40,-0.00014302807312932254,8920
5m_30d_plus_event_day_ibc_net_inbound_atom_to_spot_return,5m,30d_plus_event_day,ibc_net_inbound_atom,spot_return,9,45,-0.007941239533468909,8919
5m_30d_plus_event_day_ibc_net_inbound_atom_to_spot_return,5m,30d_plus_event_day,ibc_net_inbound_atom,spot_return,10,50,-0.021301823297296896,8918
5m_30d_plus_event_day_ibc_net_inbound_atom_to_spot_return,5m,30d_plus_event_day,ibc_net_inbound_atom,spot_return,11,55,-0.0189774389003043,8917
5m_30d_plus_event_day_ibc_net_inbound_atom_to_spot_return,5m,30d_plus_event_day,ibc_net_inbound_atom,spot_return,12,60,-0.006011410178642371,8916
5m_event_local_4h_confirmed_exchange_in_atom_to_spot_range_stress,5m,event_local_4h,confirmed_exchange_in_atom,spot_range_stress,-12,-60,0.30055399864283905,36
5m_event_local_4h_confirmed_exchange_in_atom_to_spot_range_stress,5m,event_local_4h,confirmed_exchange_in_atom,spot_range_stress,-11,-55,0.0621027617632773,37
5m_event_local_4h_confirmed_exchange_in_atom_to_spot_range_stress,5m,event_local_4h,confirmed_exchange_in_atom,spot_range_stress,-10,-50,0.06949932422281288,38
5m_event_local_4h_confirmed_exchange_in_atom_to_spot_range_stress,5m,event_local_4h,confirmed_exchange_in_atom,spot_range_stress,-9,-45,0.12240247210819905,39
5m_event_local_4h_confirmed_exchange_in_atom_to_spot_range_stress,5m,event_local_4h,confirmed_exchange_in_atom,spot_range_stress,-8,-40,0.07930073729071584,40
5m_event_local_4h_confirmed_exchange_in_atom_to_spot_range_stress,5m,event_local_4h,confirmed_exchange_in_atom,spot_range_stress,-7,-35,0.17492046259137878,41
5m_event_local_4h_confirmed_exchange_in_atom_to_spot_range_stress,5m,event_local_4h,confirmed_exchange_in_atom,spot_range_stress,-6,-30,0.1422204906816442,42
5m_event_local_4h_confirmed_exchange_in_atom_to_spot_range_stress,5m,event_local_4h,confirmed_exchange_in_atom,spot_range_stress,-5,-25,0.17116525820290057,43
5m_event_local_4h_confirmed_exchange_in_atom_to_spot_range_stress,5m,event_local_4h,confirmed_exchange_in_atom,spot_range_stress,-4,-20,0.1113963669875233,44
5m_event_local_4h_confirmed_exchange_in_atom_to_spot_range_stress,5m,event_local_4h,confirmed_exchange_in_atom,spot_range_stress,-3,-15,-0.0694005046614255,45
5m_event_local_4h_confirmed_exchange_in_atom_to_spot_range_stress,5m,event_local_4h,confirmed_exchange_in_atom,spot_range_stress,-2,-10,-0.005584329909257857,46
5m_event_local_4h_confirmed_exchange_in_atom_to_spot_range_stress,5m,event_local_4h,confirmed_exchange_in_atom,spot_range_stress,-1,-5,0.041447619766483604,47
5m_event_local_4h_confirmed_exchange_in_atom_to_spot_range_stress,5m,event_local_4h,confirmed_exchange_in_atom,spot_range_stress,0,0,0.08827341633882696,48
5m_event_local_4h_confirmed_exchange_in_atom_to_spot_range_stress,5m,event_local_4h,confirmed_exchange_in_atom,spot_range_stress,1,5,0.10868861498801118,47
5m_event_local_4h_confirmed_exchange_in_atom_to_spot_range_stress,5m,event_local_4h,confirmed_exchange_in_atom,spot_range_stress,2,10,0.021813413575974668,46
5m_event_local_4h_confirmed_exchange_in_atom_to_spot_range_stress,5m,event_local_4h,confirmed_exchange_in_atom,spot_range_stress,3,15,-0.07919304687631419,45
5m_event_local_4h_confirmed_exchange_in_atom_to_spot_range_stress,5m,event_local_4h,confirmed_exchange_in_atom,spot_range_stress,4,20,0.06252793023876378,44
5m_event_local_4h_confirmed_exchange_in_atom_to_spot_range_stress,5m,event_local_4h,confirmed_exchange_in_atom,spot_range_stress,5,25,0.017539903148444648,43
5m_event_local_4h_confirmed_exchange_in_atom_to_spot_range_stress,5m,event_local_4h,confirmed_exchange_in_atom,spot_range_stress,6,30,-0.18502435909811737,42
5m_event_local_4h_confirmed_exchange_in_atom_to_spot_range_stress,5m,event_local_4h,confirmed_exchange_in_atom,spot_range_stress,7,35,-0.2822881696472443,41
5m_event_local_4h_confirmed_exchange_in_atom_to_spot_range_stress,5m,event_local_4h,confirmed_exchange_in_atom,spot_range_stress,8,40,-0.5710132540515529,40
5m_event_local_4h_confirmed_exchange_in_atom_to_spot_range_stress,5m,event_local_4h,confirmed_exchange_in_atom,spot_range_stress,9,45,-0.40092121249842444,39
5m_event_local_4h_confirmed_exchange_in_atom_to_spot_range_stress,5m,event_local_4h,confirmed_exchange_in_atom,spot_range_stress,10,50,-0.1379911551234772,38
5m_event_local_4h_confirmed_exchange_in_atom_to_spot_range_stress,5m,event_local_4h,confirmed_exchange_in_atom,spot_range_stress,11,55,-0.04931544286349012,37
5m_event_local_4h_confirmed_exchange_in_atom_to_spot_range_stress,5m,event_local_4h,confirmed_exchange_in_atom,spot_range_stress,12,60,-0.031430255687172254,36
5m_event_local_4h_confirmed_exchange_out_atom_to_spot_range_stress,5m,event_local_4h,confirmed_exchange_out_atom,spot_range_stress,-12,-60,0.20646725495938667,36
5m_event_local_4h_confirmed_exchange_out_atom_to_spot_range_stress,5m,event_local_4h,confirmed_exchange_out_atom,spot_range_stress,-11,-55,0.1348540743131534,37
5m_event_local_4h_confirmed_exchange_out_atom_to_spot_range_stress,5m,event_local_4h,confirmed_exchange_out_atom,spot_range_stress,-10,-50,-0.30846359424284175,38
5m_event_local_4h_confirmed_exchange_out_atom_to_spot_range_stress,5m,event_local_4h,confirmed_exchange_out_atom,spot_range_stress,-9,-45,0.10162974249982695,39
5m_event_local_4h_confirmed_exchange_out_atom_to_spot_range_stress,5m,event_local_4h,confirmed_exchange_out_atom,spot_range_stress,-8,-40,-0.3103185610089964,40
5m_event_local_4h_confirmed_exchange_out_atom_to_spot_range_stress,5m,event_local_4h,confirmed_exchange_out_atom,spot_range_stress,-7,-35,0.1444621446783487,41
5m_event_local_4h_confirmed_exchange_out_atom_to_spot_range_stress,5m,event_local_4h,confirmed_exchange_out_atom,spot_range_stress,-6,-30,-0.1986913018544546,42
5m_event_local_4h_confirmed_exchange_out_atom_to_spot_range_stress,5m,event_local_4h,confirmed_exchange_out_atom,spot_range_stress,-5,-25,0.12723567727856921,43
5m_event_local_4h_confirmed_exchange_out_atom_to_spot_range_stress,5m,event_local_4h,confirmed_exchange_out_atom,spot_range_stress,-4,-20,0.12330494325043379,44
5m_event_local_4h_confirmed_exchange_out_atom_to_spot_range_stress,5m,event_local_4h,confirmed_exchange_out_atom,spot_range_stress,-3,-15,0.09172718002418659,45
5m_event_local_4h_confirmed_exchange_out_atom_to_spot_range_stress,5m,event_local_4h,confirmed_exchange_out_atom,spot_range_stress,-2,-10,0.0451893851441807,46
5m_event_local_4h_confirmed_exchange_out_atom_to_spot_range_stress,5m,event_local_4h,confirmed_exchange_out_atom,spot_range_stress,-1,-5,0.10737789627056409,47
5m_event_local_4h_confirmed_exchange_out_atom_to_spot_range_stress,5m,event_local_4h,confirmed_exchange_out_atom,spot_range_stress,0,0,0.03675022515090423,48
5m_event_local_4h_confirmed_exchange_out_atom_to_spot_range_stress,5m,event_local_4h,confirmed_exchange_out_atom,spot_range_stress,1,5,0.11716883860639654,47
5m_event_local_4h_confirmed_exchange_out_atom_to_spot_range_stress,5m,event_local_4h,confirmed_exchange_out_atom,spot_range_stress,2,10,-0.05319582352805258,46
5m_event_local_4h_confirmed_exchange_out_atom_to_spot_range_stress,5m,event_local_4h,confirmed_exchange_out_atom,spot_range_stress,3,15,0.09724471792178568,45
5m_event_local_4h_confirmed_exchange_out_atom_to_spot_range_stress,5m,event_local_4h,confirmed_exchange_out_atom,spot_range_stress,4,20,-0.27593249512594636,44
5m_event_local_4h_confirmed_exchange_out_atom_to_spot_range_stress,5m,event_local_4h,confirmed_exchange_out_atom,spot_range_stress,5,25,0.06047871148009287,43
5m_event_local_4h_confirmed_exchange_out_atom_to_spot_range_stress,5m,event_local_4h,confirmed_exchange_out_atom,spot_range_stress,6,30,-0.05914547904563824,42
5m_event_local_4h_confirmed_exchange_out_atom_to_spot_range_stress,5m,event_local_4h,confirmed_exchange_out_atom,spot_range_stress,7,35,-0.1033883704065815,41
5m_event_local_4h_confirmed_exchange_out_atom_to_spot_range_stress,5m,event_local_4h,confirmed_exchange_out_atom,spot_range_stress,8,40,-0.22716286186886353,40
5m_event_local_4h_confirmed_exchange_out_atom_to_spot_range_stress,5m,event_local_4h,confirmed_exchange_out_atom,spot_range_stress,9,45,0.008634518679382442,39
5m_event_local_4h_confirmed_exchange_out_atom_to_spot_range_stress,5m,event_local_4h,confirmed_exchange_out_atom,spot_range_stress,10,50,-0.25134057217558164,38
5m_event_local_4h_confirmed_exchange_out_atom_to_spot_range_stress,5m,event_local_4h,confirmed_exchange_out_atom,spot_range_stress,11,55,0.08307664904018262,37
5m_event_local_4h_confirmed_exchange_out_atom_to_spot_range_stress,5m,event_local_4h,confirmed_exchange_out_atom,spot_range_stress,12,60,-0.21062802723578336,36
5m_event_local_4h_unconfirmed_behavioral_in_atom_to_spot_range_stress,5m,event_local_4h,unconfirmed_behavioral_in_atom,spot_range_stress,-12,-60,0.1774753900970408,36
5m_event_local_4h_unconfirmed_behavioral_in_atom_to_spot_range_stress,5m,event_local_4h,unconfirmed_behavioral_in_atom,spot_range_stress,-11,-55,0.16255021821658863,37
5m_event_local_4h_unconfirmed_behavioral_in_atom_to_spot_range_stress,5m,event_local_4h,unconfirmed_behavioral_in_atom,spot_range_stress,-10,-50,0.1136070479861595,38
5m_event_local_4h_unconfirmed_behavioral_in_atom_to_spot_range_stress,5m,event_local_4h,unconfirmed_behavioral_in_atom,spot_range_stress,-9,-45,0.06327760381740892,39
5m_event_local_4h_unconfirmed_behavioral_in_atom_to_spot_range_stress,5m,event_local_4h,unconfirmed_behavioral_in_atom,spot_range_stress,-8,-40,0.05588128622404978,40
5m_event_local_4h_unconfirmed_behavioral_in_atom_to_spot_range_stress,5m,event_local_4h,unconfirmed_behavioral_in_atom,spot_range_stress,-7,-35,0.10770014616194336,41
5m_event_local_4h_unconfirmed_behavioral_in_atom_to_spot_range_stress,5m,event_local_4h,unconfirmed_behavioral_in_atom,spot_range_stress,-6,-30,0.17998952856422892,42
5m_event_local_4h_unconfirmed_behavioral_in_atom_to_spot_range_stress,5m,event_local_4h,unconfirmed_behavioral_in_atom,spot_range_stress,-5,-25,0.14426585581074272,43
5m_event_local_4h_unconfirmed_behavioral_in_atom_to_spot_range_stress,5m,event_local_4h,unconfirmed_behavioral_in_atom,spot_range_stress,-4,-20,-0.060044319623479066,44
5m_event_local_4h_unconfirmed_behavioral_in_atom_to_spot_range_stress,5m,event_local_4h,unconfirmed_behavioral_in_atom,spot_range_stress,-3,-15,-0.29076817021633905,45
5m_event_local_4h_unconfirmed_behavioral_in_atom_to_spot_range_stress,5m,event_local_4h,unconfirmed_behavioral_in_atom,spot_range_stress,-2,-10,-0.03986594861360328,46
5m_event_local_4h_unconfirmed_behavioral_in_atom_to_spot_range_stress,5m,event_local_4h,unconfirmed_behavioral_in_atom,spot_range_stress,-1,-5,-0.010161281547787105,47
5m_event_local_4h_unconfirmed_behavioral_in_atom_to_spot_range_stress,5m,event_local_4h,unconfirmed_behavioral_in_atom,spot_range_stress,0,0,-0.006575234704802903,48
5m_event_local_4h_unconfirmed_behavioral_in_atom_to_spot_range_stress,5m,event_local_4h,unconfirmed_behavioral_in_atom,spot_range_stress,1,5,0.10187222724557264,47
5m_event_local_4h_unconfirmed_behavioral_in_atom_to_spot_range_stress,5m,event_local_4h,unconfirmed_behavioral_in_atom,spot_range_stress,2,10,0.03809866803791097,46
5m_event_local_4h_unconfirmed_behavioral_in_atom_to_spot_range_stress,5m,event_local_4h,unconfirmed_behavioral_in_atom,spot_range_stress,3,15,0.06793837525376523,45
5m_event_local_4h_unconfirmed_behavioral_in_atom_to_spot_range_stress,5m,event_local_4h,unconfirmed_behavioral_in_atom,spot_range_stress,4,20,0.10817510432978203,44
5m_event_local_4h_unconfirmed_behavioral_in_atom_to_spot_range_stress,5m,event_local_4h,unconfirmed_behavioral_in_atom,spot_range_stress,5,25,0.01982558637094974,43
5m_event_local_4h_unconfirmed_behavioral_in_atom_to_spot_range_stress,5m,event_local_4h,unconfirmed_behavioral_in_atom,spot_range_stress,6,30,-0.1382617244469698,42
5m_event_local_4h_unconfirmed_behavioral_in_atom_to_spot_range_stress,5m,event_local_4h,unconfirmed_behavioral_in_atom,spot_range_stress,7,35,-0.21580746960665217,41
5m_event_local_4h_unconfirmed_behavioral_in_atom_to_spot_range_stress,5m,event_local_4h,unconfirmed_behavioral_in_atom,spot_range_stress,8,40,-0.215249824741659,40
5m_event_local_4h_unconfirmed_behavioral_in_atom_to_spot_range_stress,5m,event_local_4h,unconfirmed_behavioral_in_atom,spot_range_stress,9,45,-0.5058765246019289,39
5m_event_local_4h_unconfirmed_behavioral_in_atom_to_spot_range_stress,5m,event_local_4h,unconfirmed_behavioral_in_atom,spot_range_stress,10,50,-0.1431577002183437,38
5m_event_local_4h_unconfirmed_behavioral_in_atom_to_spot_range_stress,5m,event_local_4h,unconfirmed_behavioral_in_atom,spot_range_stress,11,55,-0.21551822759025838,37
5m_event_local_4h_unconfirmed_behavioral_in_atom_to_spot_range_stress,5m,event_local_4h,unconfirmed_behavioral_in_atom,spot_range_stress,12,60,-0.05699353696292593,36
5m_event_local_4h_all_behavioral_candidate_in_atom_to_spot_range_stress,5m,event_local_4h,all_behavioral_candidate_in_atom,spot_range_stress,-12,-60,0.2087121614978912,36
5m_event_local_4h_all_behavioral_candidate_in_atom_to_spot_range_stress,5m,event_local_4h,all_behavioral_candidate_in_atom,spot_range_stress,-11,-55,0.1539533460184449,37
5m_event_local_4h_all_behavioral_candidate_in_atom_to_spot_range_stress,5m,event_local_4h,all_behavioral_candidate_in_atom,spot_range_stress,-10,-50,0.10670875793412046,38
5m_event_local_4h_all_behavioral_candidate_in_atom_to_spot_range_stress,5m,event_local_4h,all_behavioral_candidate_in_atom,spot_range_stress,-9,-45,0.066986407944399,39
5m_event_local_4h_all_behavioral_candidate_in_atom_to_spot_range_stress,5m,event_local_4h,all_behavioral_candidate_in_atom,spot_range_stress,-8,-40,0.053870026920127545,40
5m_event_local_4h_all_behavioral_candidate_in_atom_to_spot_range_stress,5m,event_local_4h,all_behavioral_candidate_in_atom,spot_range_stress,-7,-35,0.11542384282806857,41
5m_event_local_4h_all_behavioral_candidate_in_atom_to_spot_range_stress,5m,event_local_4h,all_behavioral_candidate_in_atom,spot_range_stress,-6,-30,0.17690685780896945,42
5m_event_local_4h_all_behavioral_candidate_in_atom_to_spot_range_stress,5m,event_local_4h,all_behavioral_candidate_in_atom,spot_range_stress,-5,-25,0.1470718261270137,43
5m_event_local_4h_all_behavioral_candidate_in_atom_to_spot_range_stress,5m,event_local_4h,all_behavioral_candidate_in_atom,spot_range_stress,-4,-20,-0.03395570080936179,44
5m_event_local_4h_all_behavioral_candidate_in_atom_to_spot_range_stress,5m,event_local_4h,all_behavioral_candidate_in_atom,spot_range_stress,-3,-15,-0.2639134935137615,45
5m_event_local_4h_all_behavioral_candidate_in_atom_to_spot_range_stress,5m,event_local_4h,all_behavioral_candidate_in_atom,spot_range_stress,-2,-10,-0.04448346065756745,46
5m_event_local_4h_all_behavioral_candidate_in_atom_to_spot_range_stress,5m,event_local_4h,all_behavioral_candidate_in_atom,spot_range_stress,-1,-5,-0.010963798154896696,47
5m_event_local_4h_all_behavioral_candidate_in_atom_to_spot_range_stress,5m,event_local_4h,all_behavioral_candidate_in_atom,spot_range_stress,0,0,0.0013255652131714377,48
5m_event_local_4h_all_behavioral_candidate_in_atom_to_spot_range_stress,5m,event_local_4h,all_behavioral_candidate_in_atom,spot_range_stress,1,5,0.10062189323197654,47
5m_event_local_4h_all_behavioral_candidate_in_atom_to_spot_range_stress,5m,event_local_4h,all_behavioral_candidate_in_atom,spot_range_stress,2,10,0.03159995268794571,46
5m_event_local_4h_all_behavioral_candidate_in_atom_to_spot_range_stress,5m,event_local_4h,all_behavioral_candidate_in_atom,spot_range_stress,3,15,0.05647533947285893,45
5m_event_local_4h_all_behavioral_candidate_in_atom_to_spot_range_stress,5m,event_local_4h,all_behavioral_candidate_in_atom,spot_range_stress,4,20,0.10261415296640142,44
5m_event_local_4h_all_behavioral_candidate_in_atom_to_spot_range_stress,5m,event_local_4h,all_behavioral_candidate_in_atom,spot_range_stress,5,25,0.013767438508875981,43
5m_event_local_4h_all_behavioral_candidate_in_atom_to_spot_range_stress,5m,event_local_4h,all_behavioral_candidate_in_atom,spot_range_stress,6,30,-0.15526107673261816,42
5m_event_local_4h_all_behavioral_candidate_in_atom_to_spot_range_stress,5m,event_local_4h,all_behavioral_candidate_in_atom,spot_range_stress,7,35,-0.23697438525395367,41
5m_event_local_4h_all_behavioral_candidate_in_atom_to_spot_range_stress,5m,event_local_4h,all_behavioral_candidate_in_atom,spot_range_stress,8,40,-0.24237699998192744,40
5m_event_local_4h_all_behavioral_candidate_in_atom_to_spot_range_stress,5m,event_local_4h,all_behavioral_candidate_in_atom,spot_range_stress,9,45,-0.521983800467452,39
5m_event_local_4h_all_behavioral_candidate_in_atom_to_spot_range_stress,5m,event_local_4h,all_behavioral_candidate_in_atom,spot_range_stress,10,50,-0.1544748996872148,38
5m_event_local_4h_all_behavioral_candidate_in_atom_to_spot_range_stress,5m,event_local_4h,all_behavioral_candidate_in_atom,spot_range_stress,11,55,-0.19519732929571387,37
5m_event_local_4h_all_behavioral_candidate_in_atom_to_spot_range_stress,5m,event_local_4h,all_behavioral_candidate_in_atom,spot_range_stress,12,60,-0.06199842314467131,36
5m_event_local_4h_confirmed_exchange_net_in_atom_to_spot_return,5m,event_local_4h,confirmed_exchange_net_in_atom,spot_return,-12,-60,0.2120877433081739,36
5m_event_local_4h_confirmed_exchange_net_in_atom_to_spot_return,5m,event_local_4h,confirmed_exchange_net_in_atom,spot_return,-11,-55,-0.2179559934692908,37
5m_event_local_4h_confirmed_exchange_net_in_atom_to_spot_return,5m,event_local_4h,confirmed_exchange_net_in_atom,spot_return,-10,-50,-0.10035755577378767,38
5m_event_local_4h_confirmed_exchange_net_in_atom_to_spot_return,5m,event_local_4h,confirmed_exchange_net_in_atom,spot_return,-9,-45,-0.09163739389795561,39
5m_event_local_4h_confirmed_exchange_net_in_atom_to_spot_return,5m,event_local_4h,confirmed_exchange_net_in_atom,spot_return,-8,-40,0.24295512426409227,40
5m_event_local_4h_confirmed_exchange_net_in_atom_to_spot_return,5m,event_local_4h,confirmed_exchange_net_in_atom,spot_return,-7,-35,-0.15978079966996667,41
5m_event_local_4h_confirmed_exchange_net_in_atom_to_spot_return,5m,event_local_4h,confirmed_exchange_net_in_atom,spot_return,-6,-30,0.07513316726996816,42
5m_event_local_4h_confirmed_exchange_net_in_atom_to_spot_return,5m,event_local_4h,confirmed_exchange_net_in_atom,spot_return,-5,-25,0.2230124580370106,43
5m_event_local_4h_confirmed_exchange_net_in_atom_to_spot_return,5m,event_local_4h,confirmed_exchange_net_in_atom,spot_return,-4,-20,0.12394519730733591,44
5m_event_local_4h_confirmed_exchange_net_in_atom_to_spot_return,5m,event_local_4h,confirmed_exchange_net_in_atom,spot_return,-3,-15,-0.13076319303047687,45
5m_event_local_4h_confirmed_exchange_net_in_atom_to_spot_return,5m,event_local_4h,confirmed_exchange_net_in_atom,spot_return,-2,-10,0.10508268433170885,46
5m_event_local_4h_confirmed_exchange_net_in_atom_to_spot_return,5m,event_local_4h,confirmed_exchange_net_in_atom,spot_return,-1,-5,-0.17723496134380304,47
5m_event_local_4h_confirmed_exchange_net_in_atom_to_spot_return,5m,event_local_4h,confirmed_exchange_net_in_atom,spot_return,0,0,0.008503758647086258,48
5m_event_local_4h_confirmed_exchange_net_in_atom_to_spot_return,5m,event_local_4h,confirmed_exchange_net_in_atom,spot_return,1,5,-0.07507632992990017,47
5m_event_local_4h_confirmed_exchange_net_in_atom_to_spot_return,5m,event_local_4h,confirmed_exchange_net_in_atom,spot_return,2,10,0.09063576554918276,46
5m_event_local_4h_confirmed_exchange_net_in_atom_to_spot_return,5m,event_local_4h,confirmed_exchange_net_in_atom,spot_return,3,15,-0.15144427558140824,45
5m_event_local_4h_confirmed_exchange_net_in_atom_to_spot_return,5m,event_local_4h,confirmed_exchange_net_in_atom,spot_return,4,20,-0.07203558057487407,44
5m_event_local_4h_confirmed_exchange_net_in_atom_to_spot_return,5m,event_local_4h,confirmed_exchange_net_in_atom,spot_return,5,25,0.019766291093596563,43
5m_event_local_4h_confirmed_exchange_net_in_atom_to_spot_return,5m,event_local_4h,confirmed_exchange_net_in_atom,spot_return,6,30,0.01227479763334001,42
5m_event_local_4h_confirmed_exchange_net_in_atom_to_spot_return,5m,event_local_4h,confirmed_exchange_net_in_atom,spot_return,7,35,0.015107102519778612,41
5m_event_local_4h_confirmed_exchange_net_in_atom_to_spot_return,5m,event_local_4h,confirmed_exchange_net_in_atom,spot_return,8,40,0.08470869204542399,40
5m_event_local_4h_confirmed_exchange_net_in_atom_to_spot_return,5m,event_local_4h,confirmed_exchange_net_in_atom,spot_return,9,45,-0.030904567513740662,39
5m_event_local_4h_confirmed_exchange_net_in_atom_to_spot_return,5m,event_local_4h,confirmed_exchange_net_in_atom,spot_return,10,50,0.09487549771357363,38
5m_event_local_4h_confirmed_exchange_net_in_atom_to_spot_return,5m,event_local_4h,confirmed_exchange_net_in_atom,spot_return,11,55,-0.06503402413094025,37
5m_event_local_4h_confirmed_exchange_net_in_atom_to_spot_return,5m,event_local_4h,confirmed_exchange_net_in_atom,spot_return,12,60,0.0661456581233191,36
5m_event_local_4h_ibc_inbound_atom_to_spot_range_stress,5m,event_local_4h,ibc_inbound_atom,spot_range_stress,-12,-60,0.2575769885236051,36
5m_event_local_4h_ibc_inbound_atom_to_spot_range_stress,5m,event_local_4h,ibc_inbound_atom,spot_range_stress,-11,-55,0.15757441203721334,37
5m_event_local_4h_ibc_inbound_atom_to_spot_range_stress,5m,event_local_4h,ibc_inbound_atom,spot_range_stress,-10,-50,0.15451624831789032,38
5m_event_local_4h_ibc_inbound_atom_to_spot_range_stress,5m,event_local_4h,ibc_inbound_atom,spot_range_stress,-9,-45,0.14566795932380605,39
5m_event_local_4h_ibc_inbound_atom_to_spot_range_stress,5m,event_local_4h,ibc_inbound_atom,spot_range_stress,-8,-40,0.2191156464488503,40
5m_event_local_4h_ibc_inbound_atom_to_spot_range_stress,5m,event_local_4h,ibc_inbound_atom,spot_range_stress,-7,-35,0.16352652313273253,41
5m_event_local_4h_ibc_inbound_atom_to_spot_range_stress,5m,event_local_4h,ibc_inbound_atom,spot_range_stress,-6,-30,0.0915717987013553,42
5m_event_local_4h_ibc_inbound_atom_to_spot_range_stress,5m,event_local_4h,ibc_inbound_atom,spot_range_stress,-5,-25,0.00927147663937197,43
5m_event_local_4h_ibc_inbound_atom_to_spot_range_stress,5m,event_local_4h,ibc_inbound_atom,spot_range_stress,-4,-20,0.06905257637644004,44
5m_event_local_4h_ibc_inbound_atom_to_spot_range_stress,5m,event_local_4h,ibc_inbound_atom,spot_range_stress,-3,-15,0.03116129264738401,45
5m_event_local_4h_ibc_inbound_atom_to_spot_range_stress,5m,event_local_4h,ibc_inbound_atom,spot_range_stress,-2,-10,-0.00911575513019114,46
5m_event_local_4h_ibc_inbound_atom_to_spot_range_stress,5m,event_local_4h,ibc_inbound_atom,spot_range_stress,-1,-5,0.06673572277576631,47
5m_event_local_4h_ibc_inbound_atom_to_spot_range_stress,5m,event_local_4h,ibc_inbound_atom,spot_range_stress,0,0,-0.0031527486671052585,48
5m_event_local_4h_ibc_inbound_atom_to_spot_range_stress,5m,event_local_4h,ibc_inbound_atom,spot_range_stress,1,5,0.029824013508986853,47
5m_event_local_4h_ibc_inbound_atom_to_spot_range_stress,5m,event_local_4h,ibc_inbound_atom,spot_range_stress,2,10,-0.12265898302283407,46
5m_event_local_4h_ibc_inbound_atom_to_spot_range_stress,5m,event_local_4h,ibc_inbound_atom,spot_range_stress,3,15,0.042341284146276026,45
5m_event_local_4h_ibc_inbound_atom_to_spot_range_stress,5m,event_local_4h,ibc_inbound_atom,spot_range_stress,4,20,-0.06962677956496666,44
5m_event_local_4h_ibc_inbound_atom_to_spot_range_stress,5m,event_local_4h,ibc_inbound_atom,spot_range_stress,5,25,-0.043720444189840724,43
5m_event_local_4h_ibc_inbound_atom_to_spot_range_stress,5m,event_local_4h,ibc_inbound_atom,spot_range_stress,6,30,-0.15753852175110164,42
5m_event_local_4h_ibc_inbound_atom_to_spot_range_stress,5m,event_local_4h,ibc_inbound_atom,spot_range_stress,7,35,-0.38333889262117726,41
5m_event_local_4h_ibc_inbound_atom_to_spot_range_stress,5m,event_local_4h,ibc_inbound_atom,spot_range_stress,8,40,-0.23777453225560602,40
5m_event_local_4h_ibc_inbound_atom_to_spot_range_stress,5m,event_local_4h,ibc_inbound_atom,spot_range_stress,9,45,0.0067943622288899365,39
5m_event_local_4h_ibc_inbound_atom_to_spot_range_stress,5m,event_local_4h,ibc_inbound_atom,spot_range_stress,10,50,-0.2434870040818481,38
5m_event_local_4h_ibc_inbound_atom_to_spot_range_stress,5m,event_local_4h,ibc_inbound_atom,spot_range_stress,11,55,-0.0246036564719899,37
5m_event_local_4h_ibc_inbound_atom_to_spot_range_stress,5m,event_local_4h,ibc_inbound_atom,spot_range_stress,12,60,-0.0017516024277707412,36
5m_event_local_4h_ibc_outbound_atom_to_spot_range_stress,5m,event_local_4h,ibc_outbound_atom,spot_range_stress,-12,-60,0.1291791188150858,36
5m_event_local_4h_ibc_outbound_atom_to_spot_range_stress,5m,event_local_4h,ibc_outbound_atom,spot_range_stress,-11,-55,0.12060049194480084,37
5m_event_local_4h_ibc_outbound_atom_to_spot_range_stress,5m,event_local_4h,ibc_outbound_atom,spot_range_stress,-10,-50,0.0988795457263426,38
5m_event_local_4h_ibc_outbound_atom_to_spot_range_stress,5m,event_local_4h,ibc_outbound_atom,spot_range_stress,-9,-45,0.08022559717662218,39
5m_event_local_4h_ibc_outbound_atom_to_spot_range_stress,5m,event_local_4h,ibc_outbound_atom,spot_range_stress,-8,-40,0.177582134204425,40
5m_event_local_4h_ibc_outbound_atom_to_spot_range_stress,5m,event_local_4h,ibc_outbound_atom,spot_range_stress,-7,-35,0.03413934530285588,41
5m_event_local_4h_ibc_outbound_atom_to_spot_range_stress,5m,event_local_4h,ibc_outbound_atom,spot_range_stress,-6,-30,0.09273531749071733,42
5m_event_local_4h_ibc_outbound_atom_to_spot_range_stress,5m,event_local_4h,ibc_outbound_atom,spot_range_stress,-5,-25,0.1118965027825783,43
5m_event_local_4h_ibc_outbound_atom_to_spot_range_stress,5m,event_local_4h,ibc_outbound_atom,spot_range_stress,-4,-20,0.2884161893147431,44
5m_event_local_4h_ibc_outbound_atom_to_spot_range_stress,5m,event_local_4h,ibc_outbound_atom,spot_range_stress,-3,-15,0.04714583985040177,45
5m_event_local_4h_ibc_outbound_atom_to_spot_range_stress,5m,event_local_4h,ibc_outbound_atom,spot_range_stress,-2,-10,0.038062072701064494,46
5m_event_local_4h_ibc_outbound_atom_to_spot_range_stress,5m,event_local_4h,ibc_outbound_atom,spot_range_stress,-1,-5,0.05909742316321674,47
5m_event_local_4h_ibc_outbound_atom_to_spot_range_stress,5m,event_local_4h,ibc_outbound_atom,spot_range_stress,0,0,0.0710325850444147,48
5m_event_local_4h_ibc_outbound_atom_to_spot_range_stress,5m,event_local_4h,ibc_outbound_atom,spot_range_stress,1,5,0.12031963370279808,47
5m_event_local_4h_ibc_outbound_atom_to_spot_range_stress,5m,event_local_4h,ibc_outbound_atom,spot_range_stress,2,10,0.06342104435069362,46
5m_event_local_4h_ibc_outbound_atom_to_spot_range_stress,5m,event_local_4h,ibc_outbound_atom,spot_range_stress,3,15,0.06784402115960848,45
5m_event_local_4h_ibc_outbound_atom_to_spot_range_stress,5m,event_local_4h,ibc_outbound_atom,spot_range_stress,4,20,0.0790889763310936,44
5m_event_local_4h_ibc_outbound_atom_to_spot_range_stress,5m,event_local_4h,ibc_outbound_atom,spot_range_stress,5,25,0.094928490775592,43
5m_event_local_4h_ibc_outbound_atom_to_spot_range_stress,5m,event_local_4h,ibc_outbound_atom,spot_range_stress,6,30,0.1255073282053487,42
5m_event_local_4h_ibc_outbound_atom_to_spot_range_stress,5m,event_local_4h,ibc_outbound_atom,spot_range_stress,7,35,-0.3023672561225258,41
5m_event_local_4h_ibc_outbound_atom_to_spot_range_stress,5m,event_local_4h,ibc_outbound_atom,spot_range_stress,8,40,-0.16601157282580456,40
5m_event_local_4h_ibc_outbound_atom_to_spot_range_stress,5m,event_local_4h,ibc_outbound_atom,spot_range_stress,9,45,0.03157467627446539,39
5m_event_local_4h_ibc_outbound_atom_to_spot_range_stress,5m,event_local_4h,ibc_outbound_atom,spot_range_stress,10,50,-0.2286720963405391,38
5m_event_local_4h_ibc_outbound_atom_to_spot_range_stress,5m,event_local_4h,ibc_outbound_atom,spot_range_stress,11,55,-0.22182622034233812,37
5m_event_local_4h_ibc_outbound_atom_to_spot_range_stress,5m,event_local_4h,ibc_outbound_atom,spot_range_stress,12,60,-0.11270959565047918,36
5m_event_local_4h_ibc_net_inbound_atom_to_spot_return,5m,event_local_4h,ibc_net_inbound_atom,spot_return,-12,-60,0.017263888362496333,36
5m_event_local_4h_ibc_net_inbound_atom_to_spot_return,5m,event_local_4h,ibc_net_inbound_atom,spot_return,-11,-55,-0.049451243505324476,37
5m_event_local_4h_ibc_net_inbound_atom_to_spot_return,5m,event_local_4h,ibc_net_inbound_atom,spot_return,-10,-50,-0.2116093149888355,38
5m_event_local_4h_ibc_net_inbound_atom_to_spot_return,5m,event_local_4h,ibc_net_inbound_atom,spot_return,-9,-45,-0.1616862672352123,39
5m_event_local_4h_ibc_net_inbound_atom_to_spot_return,5m,event_local_4h,ibc_net_inbound_atom,spot_return,-8,-40,-0.08355585852729494,40
5m_event_local_4h_ibc_net_inbound_atom_to_spot_return,5m,event_local_4h,ibc_net_inbound_atom,spot_return,-7,-35,0.1871223781465013,41
5m_event_local_4h_ibc_net_inbound_atom_to_spot_return,5m,event_local_4h,ibc_net_inbound_atom,spot_return,-6,-30,0.3228757263838946,42
5m_event_local_4h_ibc_net_inbound_atom_to_spot_return,5m,event_local_4h,ibc_net_inbound_atom,spot_return,-5,-25,0.2748048172092866,43
5m_event_local_4h_ibc_net_inbound_atom_to_spot_return,5m,event_local_4h,ibc_net_inbound_atom,spot_return,-4,-20,0.030355559992758945,44
5m_event_local_4h_ibc_net_inbound_atom_to_spot_return,5m,event_local_4h,ibc_net_inbound_atom,spot_return,-3,-15,0.036820696451317865,45
5m_event_local_4h_ibc_net_inbound_atom_to_spot_return,5m,event_local_4h,ibc_net_inbound_atom,spot_return,-2,-10,-0.13336185197993333,46
5m_event_local_4h_ibc_net_inbound_atom_to_spot_return,5m,event_local_4h,ibc_net_inbound_atom,spot_return,-1,-5,0.12645254961625724,47
5m_event_local_4h_ibc_net_inbound_atom_to_spot_return,5m,event_local_4h,ibc_net_inbound_atom,spot_return,0,0,0.13072284819044733,48
5m_event_local_4h_ibc_net_inbound_atom_to_spot_return,5m,event_local_4h,ibc_net_inbound_atom,spot_return,1,5,0.03499603503806644,47
5m_event_local_4h_ibc_net_inbound_atom_to_spot_return,5m,event_local_4h,ibc_net_inbound_atom,spot_return,2,10,-0.008173648325652764,46
5m_event_local_4h_ibc_net_inbound_atom_to_spot_return,5m,event_local_4h,ibc_net_inbound_atom,spot_return,3,15,0.14610295385298358,45
5m_event_local_4h_ibc_net_inbound_atom_to_spot_return,5m,event_local_4h,ibc_net_inbound_atom,spot_return,4,20,0.13292370605366022,44
5m_event_local_4h_ibc_net_inbound_atom_to_spot_return,5m,event_local_4h,ibc_net_inbound_atom,spot_return,5,25,0.07729014300139847,43
5m_event_local_4h_ibc_net_inbound_atom_to_spot_return,5m,event_local_4h,ibc_net_inbound_atom,spot_return,6,30,-0.1682224586535899,42
5m_event_local_4h_ibc_net_inbound_atom_to_spot_return,5m,event_local_4h,ibc_net_inbound_atom,spot_return,7,35,-0.11398110795319885,41
5m_event_local_4h_ibc_net_inbound_atom_to_spot_return,5m,event_local_4h,ibc_net_inbound_atom,spot_return,8,40,-0.0155322239284964,40
5m_event_local_4h_ibc_net_inbound_atom_to_spot_return,5m,event_local_4h,ibc_net_inbound_atom,spot_return,9,45,-0.023489054043741166,39
5m_event_local_4h_ibc_net_inbound_atom_to_spot_return,5m,event_local_4h,ibc_net_inbound_atom,spot_return,10,50,-0.20050925031360448,38
5m_event_local_4h_ibc_net_inbound_atom_to_spot_return,5m,event_local_4h,ibc_net_inbound_atom,spot_return,11,55,-0.17882286233082442,37
5m_event_local_4h_ibc_net_inbound_atom_to_spot_return,5m,event_local_4h,ibc_net_inbound_atom,spot_return,12,60,-0.03964991570376016,36
