confirmed_exchange_in_atom,confirmed_exchange_out_atom,unconfirmed_behavioral_in_atom,ibc_inbound_atom,ibc_outbound_atom,confirmed_exchange_gross_atom,confirmed_exchange_net_in_atom,all_behavioral_candidate_in_atom,ibc_gross_atom,ibc_net_inbound_atom,binance_usdt_range_pct_of_open,binance_usdt_base_volume_atom,binance_usdt_quote_volume,binance_usdt_trade_count,binance_usdt_realized_abs_return_pct,max_usdt_vs_usdc_low_discount_pct,max_usdt_vs_mark_low_discount_pct,max_usdt_vs_coinbase_low_discount_pct,start_utc,end_utc
214184.06767299998,215778.656488,36109.565376,26319.117196,14056.849518,429962.724161,-1594.5888150000246,250293.633049,40375.966714,12262.267677999998,1.6584105104458506,162523.76,759788.51865,3977.0,5.563289113866832,0.1504082509669047,0.0,0.10768899418479583,2025-09-10T20:30:00Z,2025-09-10T22:30:00Z
12287.100327,11599.129942,56874.718134,15662.958102,7321.89841,23886.230269,687.9703850000005,69161.818461,22984.856512,8341.059692,0.49040511727080116,49355.63,231646.49436,1770.0,3.836210712856425,0.10654165778819502,0.012877497497243429,0.12768674185997808,2025-09-11T20:30:00Z,2025-09-11T22:30:00Z
213071.007275,214021.939819,126018.358892,8250.943291,10944.466376,427092.947094,-950.9325439999811,339089.36616700003,19195.409667,-2693.5230850000007,0.8267966928132413,72112.74,340819.21475,1916.0,4.253563391776716,0.19063757678459137,0.02120890774124362,0.16920473773265332,2025-09-12T20:30:00Z,2025-09-12T22:30:00Z
29949.155299000002,32571.975845,141720.841306,9427.092618,7906.340599,62521.131144,-2622.820545999999,171669.996605,17333.433217,1520.7520190000005,0.5374121537825506,76664.88,370487.57724,2048.0,4.2415032163916955,0.18629683295384725,0.06134751463572341,0.12404382881949783,2025-09-13T20:30:00Z,2025-09-13T22:30:00Z
18741.267118,19035.236886,124566.701642,6491.126081,7246.189547,37776.504004,-293.969767999999,143307.96876,13737.315628,-755.0634659999996,0.9442060085836822,79878.68000000001,372533.79597,2299.0,5.0178929107738135,0.19350677273702876,0.007280445731039364,0.14963659683624453,2025-09-14T20:30:00Z,2025-09-14T22:30:00Z
183914.247357,185197.490372,126972.236992,8904.98156,8493.78685,369111.737729,-1283.2430150000146,310886.484349,17398.76841,411.19470999999976,0.6666666666666722,90250.01,407404.67775,1970.0,4.363304100548859,0.11086474501108556,0.0,0.1548330015483268,2025-09-15T20:30:00Z,2025-09-15T22:30:00Z
27753.991834,27410.185131000002,50616.240316999996,26659.340906999998,71871.745644,55164.176965000006,343.8067029999984,78370.232151,98531.08655099999,-45212.404737,0.7899934167215181,97917.62,445098.288,2141.0,4.620672182455765,0.15364354697101623,0.008445940013568354,0.11032656663724216,2025-09-16T20:30:00Z,2025-09-16T22:30:00Z
39650.701113,38385.473909,142979.626844,20280.708527,15055.776302,78036.17502200001,1265.2272040000025,182630.327957,35336.484829,5224.932224999999,2.0815074496056036,161991.7,740132.07317,5363.0,7.6967348730123675,0.17493986442160825,0.1253964930894691,0.1523063533507285,2025-09-17T20:30:00Z,2025-09-17T22:30:00Z
94367.956712,99190.995499,122387.14587600001,12290.578388,6024.914839,193558.952211,-4823.038786999998,216755.102588,18315.493227,6265.663549,0.7698887938408808,187514.38,879760.8796399999,3881.0,6.208774825945751,0.12801365478984916,0.012534592500412778,0.12806830309497474,2025-09-18T20:30:00Z,2025-09-18T22:30:00Z
20469.9983,18027.118140000002,60090.6501,5199.860095,8619.010493,38497.11644,2442.880159999997,80560.6484,13818.870588,-3419.1503979999998,0.7101642254771422,73489.97,330361.42485999997,1992.0,3.9814025353554383,0.20000000000001128,-0.02356626666648598,0.13351134846461,2025-09-19T20:30:00Z,2025-09-19T22:30:00Z
35878.139206,36703.733436,54695.782822,12320.947222,9418.405812,72581.872642,-825.5942300000024,90573.922028,21739.353034,2902.54141,0.6737031214911151,64732.46,289398.85238,1633.0,3.669129506377744,0.13407821229048933,-0.01982029537561658,0.15631978561857496,2025-09-20T20:30:00Z,2025-09-20T22:30:00Z
24329.245689,23858.60874,116222.549075,4751.292931999999,7263.089799,48187.854429,470.63694899999973,140551.794764,12014.382731,-2511.796867000001,0.9004952723998207,52179.68,230784.35019,1652.0,4.771652490017875,0.13565453312232023,-0.01650770196803819,0.20320614134117232,2025-09-21T20:30:00Z,2025-09-21T22:30:00Z
37224.031666,11934.780039,46300.03314,31571.354213,17335.269605,49158.811705,25289.251627000005,83524.06480600001,48906.623818,14236.084607999997,1.2898515453881707,99158.19,410753.258,2533.0,5.189086023290934,0.2403268445085316,0.02408477842004153,0.16940948693126012,2025-09-22T20:30:00Z,2025-09-22T22:30:00Z
22372.971676,23017.652362,206114.395836,9224.345103,10972.534165000001,45390.624038,-644.6806859999997,228487.36751200003,20196.879268,-1748.1890620000013,1.1349915479352743,78270.97,325104.90458,2875.0,6.6204572600355505,0.16774502755810827,0.0,0.16883743367099857,2025-09-23T20:30:00Z,2025-09-23T22:30:00Z
13369.531345,14747.777889,70932.486569,7294.409067,12180.351851,28117.309234,-1378.2465440000014,84302.017914,19474.760918,-4885.942784,0.8868648130393078,55547.43,231411.58805,1880.0,5.496137332015616,0.16786570743404505,-0.04793863854268832,0.09636232233195541,2025-09-24T20:30:00Z,2025-09-24T22:30:00Z
23285.237096,25697.430923,2134085.6209340002,12408.165725,14600.472401,48982.668019000004,-2412.193826999999,2157370.8580300002,27008.638126,-2192.306676,1.3892334408335414,116556.74,469426.55253,3944.0,9.624071216916551,0.32178217821782207,-0.010004955414188998,0.1987083954297031,2025-09-25T20:30:00Z,2025-09-25T22:30:00Z
35122.280409,14428.677473,95057.250196,5743.778608,10736.99133,49550.957882,20693.602936,130179.53060499999,16480.769938,-4993.212722000001,0.6045949214026688,85336.45,351854.95058,2079.0,5.871504242745673,0.19408054342552328,0.011634546142991198,0.21828765462043043,2025-09-26T20:30:00Z,2025-09-26T22:30:00Z
53572.208988,52632.307612,193902.770827,24481.721835,193308.729005,106204.5166,939.9013760000016,247474.979815,217790.45084,-168827.00717,1.8119490695396634,144379.62,594050.18721,2987.0,5.447423492487058,0.12215978499877655,0.0,0.12138868657440849,2025-09-27T20:30:00Z,2025-09-27T22:30:00Z
42450.901578000005,42804.485224000004,245599.26890700002,15100.080061,7402.76556,85255.38680200001,-353.58364599999913,288050.170485,22502.845621,7697.314501000001,1.38081395348836,131420.61,545101.26408,2919.0,5.817421341731932,0.12077294685990392,0.048344210780748575,0.16774502755810827,2025-09-28T20:30:00Z,2025-09-28T22:30:00Z
25791.959846,26761.202428,109680.506696,16466.238763999998,8682.735394,52553.162274,-969.242581999999,135472.466542,25148.974157999997,7783.5033699999985,0.8950169327527799,89694.96,372350.26608,2295.0,4.845694787231203,0.16867469879519037,0.009646922631678656,0.14499758337361834,2025-09-29T20:30:00Z,2025-09-29T22:30:00Z
66993.149241,64935.231172,703463.868167,42477.944008,47411.969865,131928.380413,2057.9180690000067,770457.0174080001,89889.913873,-4934.0258570000005,0.760922925871372,153055.49,625833.95332,2577.0,5.842514240540497,0.2682272616435055,-0.007362332606164479,0.12245897624295621,2025-09-30T20:30:00Z,2025-09-30T22:30:00Z
717831.452808,735518.765565,938725.878332,1077426.067973,1616885.548681,1453350.2183730002,-17687.312756999978,1656557.33114,2694311.6166540002,-539459.480708,2.053140096618357,973389.07,3991137.92343,15042.0,9.77922214702518,0.19579050416055344,0.09789525208028227,0.22021042329335438,2025-10-01T20:30:00Z,2025-10-01T22:30:00Z
48060.96753,45139.053879,160104.137141,14376.220233,10338.366777,93200.02140900001,2921.9136510000026,208165.104671,24714.58701,4037.8534560000007,1.0016305613789924,152709.24,657372.69792,3436.0,5.576082469198407,0.18626309662398421,0.0,0.16245068461361312,2025-10-02T20:30:00Z,2025-10-02T22:30:00Z
26079.23441,31092.591437,419938.169162,11060.764803,29940.751945,57171.825847,-5013.357026999998,446017.403572,41001.516748,-18879.987141999998,0.6267409470752121,79421.7,342500.54378,1998.0,4.0816653101667155,0.23105360443624878,0.0,0.1392434439545176,2025-10-03T20:30:00Z,2025-10-03T22:30:00Z
9426.540495,6875.200195,145305.953095,12322.329891,18011.266968,16301.740689999999,2551.340299999999,154732.49359,30333.596858999997,-5688.9370770000005,0.55757575757575,58984.32,243495.44525,1386.0,3.6092469071808075,0.21791767554477648,-0.036341611144741215,0.14513788098694524,2025-10-04T20:30:00Z,2025-10-04T22:30:00Z
7110.762251,6761.351014,146885.756136,14027.819532,11168.635388,13872.113265,349.41123700000026,153996.51838700002,25196.45492,2859.184143999999,0.7714561234329804,65414.84,271437.19036,2219.0,5.76153632976395,0.14468290330359457,0.0,0.12045290291495814,2025-10-05T20:30:00Z,2025-10-05T22:30:00Z
22232.719908,21667.876569,113556.570778,17596.675548,26538.383825,43900.596477,564.8433389999991,135789.290686,44135.059373,-8941.708277000002,0.7697690692792247,96806.58,414325.95427,2256.0,5.6060591604166765,0.13992537313433084,0.04676174888940121,0.18621973929237035,2025-10-06T20:30:00Z,2025-10-06T22:30:00Z
12630.864282999999,14849.403492,54621.401261,22032.395172,48094.676206,27480.267775,-2218.5392090000005,67252.265544,70127.071378,-26062.281033999996,0.9775171065493656,87631.71,357604.73461,1975.0,5.464910256174305,0.24384296513044745,0.04894762604015224,0.14752889107451095,2025-10-07T20:30:00Z,2025-10-07T22:30:00Z
160383.051917,149918.94388,90587.180724,27013.107999,13480.358788,310301.995797,10464.108036999998,250970.232641,40493.466787,13532.749211,0.8137865007180424,110877.33,462683.61871,2541.0,5.371894889381013,0.1911132345915001,0.0054634556908683685,0.1672640382317736,2025-10-08T20:30:00Z,2025-10-08T22:30:00Z
42842.840461,44448.158827,95991.234232,13755.439607,55027.186509,87290.99928799999,-1605.3183659999995,138834.074693,68782.626116,-41271.746902,0.6195786864931714,86726.55,350657.2649,1758.0,5.046036927291797,0.14851485148514865,-0.01615957042140348,0.14822134387352248,2025-10-09T20:30:00Z,2025-10-09T22:30:00Z
